C6orf176,GSK3A_R,0.5584,0
CRH,GSK3A_R,0.8283,0
HIST1H2AC,GSK3A_A,1.1049,0.0257
HIST2H2AA4,GSK3A_A,1.0842,0.0096
HK2,GSK3A_R,0.8034,0.0139
HPRT1,GSK3A_R,0.8082,0.0032
LDHA,GSK3A_R,0.8413,0
MAB21L1,GSK3A_R,0.8747,0.0139
MBNL2,GSK3A_R,0.8007,0.0376
RAMP1,GSK3A_R,0.7098,0
SC4MOL,GSK3A_A,1.02132E+12,0
SPRY4,GSK3A_A,1.4071,0
TFPI2,GSK3A_R,0.5442,0.0376
BTBD11,MAPK7_A,1.3996,0
CRB2,MAPK7_R,0.6775,0.0466
CRH,MAPK7_A,1.3699,0
DUSP4,MAPK7_A,1.2715,0.0175
DUSP5,MAPK7_A,1.1121,0.0466
HIST2H2AA4,MAPK7_R,0.8585,0
ICA1,MAPK7_R,0.7859,0
LGR5,MAPK7_R,0.7631,0.0466
RND3,MAPK7_A,1.2485,0.0068
SC4MOL,MAPK7_A,3.60703E+12,0
SH3BP5,MAPK7_A,1.4159,0
SPRY4,MAPK7_A,1.2686,0
TFPI2,MAPK7_A,1.6948,0.0098
DSE,OXSR1OSR1_R,0.5958,0.0271
GAL,OXSR1OSR1_R,0.8241,0.0018
HSPE1,OXSR1OSR1_R,0,0
LDHA,OXSR1OSR1_R,0.8138,0
PRKCA,OXSR1OSR1_A,1.5131,0
PTPRD,OXSR1OSR1_A,1.2826,0.0271
RND3,OXSR1OSR1_A,1.3098,0.0014
SPRY2,OXSR1OSR1_A,1.1561,0.0187
BTBD11,MARK1_A,1.5948,0
C20orf103,MARK1_R,0.642,0
C4orf43,MARK1_R,0,0.0134
CRH,MARK1_A,1.1482,0.0134
GAL,MARK1_R,0.7442,0
LDHA,MARK1_R,0.8662,0.0047
PTPRD,MARK1_A,1.3394,0.0046
RND3,MARK1_A,1.2463,0.0207
CRH,PKN1NM_002741_A,1.125,0.0155
GAL,PKN1NM_002741_R,0.8353,0.0016
HIST1H2BG,PKN1NM_002741_R,0.7551,0
LDHA,PKN1NM_002741_R,0.8222,0
MAB21L1,PKN1NM_002741_A,1.2143,0
SAMSN1,PKN1NM_002741_A,1.7582,0.0476
SESN3,PKN1NM_002741_A,1.1873,0.0282
STARD4,PKN1NM_002741_A,1.1894,0.0025
C6orf176,TESK2_A,1.3218,0.0027
DUSP5,TESK2_A,1.1415,0.0186
HIST1H2AC,TESK2_R,0.886,0.0186
HIST1H2BG,TESK2_R,0.8983,0.0255
HIST2H2AA4,TESK2_R,0.8034,0
ISLR,TESK2_R,0.7932,0.0349
LDHA,TESK2_R,0.8852,0.0077
MEIS2,TESK2_A,1.2091,0.0078
NR3C1,TESK2_A,1.5015,0.0349
PTPRD,TESK2_A,1.2522,0.0349
RAMP1,TESK2_A,1.398,0
RFK,TESK2_A,1.3508,0
SC4MOL,TESK2_A,1.63892E+12,0
SPRY2,TESK2_A,1.1506,0.0081
STARD4,TESK2_R,0.7683,0
TESK2,TESK2_R,0.2481,0
BTBD11,CLK1PPIL3_A,1.2797,0.003
CRH,CLK1PPIL3_R,0.6341,0
MAB21L1,CLK1PPIL3_A,1.1615,0.0049
SC4MOL,CLK1PPIL3_A,1.47411E+12,0
STARD4,CLK1PPIL3_A,1.1585,0.0234
BEGAIN,PRKCI_R,0.7547,0.0043
C6orf176,PRKCI_R,0.5222,0
CRH,PRKCI_R,0.7002,0
CTDSP2,PRKCI_A,1.2121,0.0073
DUSP4,PRKCI_R,0.7024,0
FRZB,PRKCI_A,1.3904,0.004
GAL,PRKCI_R,0.68,0
HIST2H2AA4,PRKCI_R,0.9148,0.0029
LDHA,PRKCI_R,0.8801,0
MAB21L1,PRKCI_A,1.3032,0
MEIS2,PRKCI_A,1.3247,0
OSTM1,PRKCI_A,1.2733,0.0193
RAMP1,PRKCI_R,0.6303,0
RGS8,PRKCI_R,0,0.0011
RPS18,PRKCI_A,1.0682,0.0209
SC4MOL,PRKCI_A,1.11867E+12,0
STARD4,PRKCI_A,1.1266,0.0467
TFPI2,PRKCI_R,0.3709,0
TRAM1L1,PRKCI_A,1.3328,0.0029
VGF,PRKCI_R,0.6825,0.0029
C20orf103,AURKB_R,0.7355,0.0244
C6orf176,AURKB_R,0.7113,0.0011
CRH,AURKB_R,0.7595,0
FAM89A,AURKB_A,1.6198,0.0051
FRZB,AURKB_A,1.3656,0.0179
GAL,AURKB_R,0.8685,0.0179
HIST1H2BG,AURKB_R,0.9069,0.0319
HIST2H2AA4,AURKB_R,0.8599,0
HK2,AURKB_R,0.8225,0.0363
LDHA,AURKB_R,0.828,0
MAB21L1,AURKB_A,1.4079,0
MBNL2,AURKB_A,1.2512,0.0179
PPM1D,AURKB_A,1.1961,0.0179
RPS18,AURKB_A,1.0731,0.0449
SC4MOL,AURKB_A,1.233E+12,0
SESN3,AURKB_A,1.199,0.0132
CRH,CDK4_A,1.1733,0
GAL,CDK4_A,1.1438,0.0284
ISLR,CDK4_R,0.7799,0.0418
MAB21L1,CDK4_A,1.1664,0.0026
PDZRN3,CDK4_R,0.7424,0
SC4MOL,CDK4_A,8.81323E+11,0
AK3L1,DYRK4_R,0.7037,0.0062
C20orf103,DYRK4_R,0.6497,0
C6orf176,DYRK4_A,1.4265,0
CRISPLD1,DYRK4_A,1.4248,0.0086
DCTPP1,DYRK4_R,0.6937,0.0412
EFNB2,DYRK4_R,0.6703,0.0222
FRZB,DYRK4_A,1.3227,0.032
GAL,DYRK4_R,0.8744,0.0182
HK2,DYRK4_R,0.8118,0.0182
LDHA,DYRK4_R,0.8731,0
NME1,DYRK4_R,0.8592,0
OSTM1,DYRK4_R,0.6479,0
PFDN2,DYRK4_R,0.8702,0.0172
RPS18,DYRK4_A,1.0671,0.026
SC4MOL,DYRK4_A,1.80635E+12,0
SESN3,DYRK4_R,0.8532,0.0412
SPRY4,DYRK4_R,0.7749,0
STARD4,DYRK4_A,1.18,0.0019
C6orf176,DDR2_R,0.6503,0
FMN1,DDR2_A,1.3732,0.044
FRZB,DDR2_A,1.4151,0.0115
ICA1,DDR2_A,1.1463,0.0351
PTPRD,DDR2_A,1.2836,0.0293
SPRY4,DDR2_R,0.8205,0.0308
BTBD11,STK40NM_032017_R,0.7751,0.005
C6orf176,STK40NM_032017_R,0.635,0
CCDC68,STK40NM_032017_R,0.7063,0.0496
CTDSP2,STK40NM_032017_R,0.832,0.0427
DUSP4,STK40NM_032017_A,1.3837,0
GAL,STK40NM_032017_A,1.1793,0.0027
ICAM2,STK40NM_032017_A,2.1897,0.0043
LDHA,STK40NM_032017_R,0.4555,0
MEIS2,STK40NM_032017_A,1.1666,0.048
NDRG1,STK40NM_032017_A,1.4125,0.0171
NME1,STK40NM_032017_R,0.8959,0.0146
PRKCA,STK40NM_032017_R,0.6734,0.0051
RFX3,STK40NM_032017_R,0,0
RND3,STK40NM_032017_R,0.7549,0.0021
RRS1,STK40NM_032017_A,1.2096,0.016
SC4MOL,STK40NM_032017_A,9.23512E+11,0
SESN3,STK40NM_032017_R,0.7769,0
SPRY4,STK40NM_032017_R,0.7087,0
VGF,STK40NM_032017_A,1.457,0
CRH,PINK1_A,1.172,0
DUSP5,PINK1_A,1.1469,0.0113
FMN1,PINK1_A,1.4527,0.0042
HIST2H2AA4,PINK1_R,0.8739,0
HK2,PINK1_R,0.7664,0.0018
ICA1,PINK1_A,1.2944,0
LDHA,PINK1_R,0.8332,0
OSTM1,PINK1_A,1.2941,0.0186
PTPRD,PINK1_A,1.3624,0
RFK,PINK1_R,0.7158,0
STARD4,PINK1_R,0.7775,0
BRI3BP,PTK2_R,0.8065,0.0389
BTBD11,PTK2_A,1.2209,0.0267
C4orf43,PTK2_R,0,0.0063
C6orf176,PTK2_R,0.636,0
CCDC68,PTK2_R,0.6599,0.0101
CDCA7,PTK2_R,0.6224,0
CRH,PTK2_A,1.3873,0
DUSP4,PTK2_A,1.3344,0.0028
DUSP5,PTK2_A,1.1809,0.0027
HDAC5,PTK2_A,1.2174,0.047
HIST1H2AC,PTK2_R,0.7739,0
HIST1H2BG,PTK2_R,0.7312,0
HIST2H2AA4,PTK2_R,0.6642,0
HIST3H2A,PTK2_R,0.7597,0
HPRT1,PTK2_R,0.846,0.047
ICA1,PTK2_A,1.216,0
LDHA,PTK2_R,0.7805,0
MAB21L1,PTK2_A,1.1375,0.0389
NDRG1,PTK2_A,1.3738,0.0389
PGAM1,PTK2_R,0.8602,0.0076
PTPRD,PTK2_A,1.2499,0.0389
RND3,PTK2_R,0.7705,0.0057
RPS18,PTK2_A,1.1908,0
SAMSN1,PTK2_A,1.7803,0.0184
SESN3,PTK2_A,1.2629,0
SH3BP5,PTK2_R,0.7768,0.0389
SPRY4,PTK2_R,0.8429,0.0498
TUBB6,PTK2_R,0.6787,0.0132
ADM,ALK3_A,2.4878,0
AK3L1,ALK3_R,0.7424,0.0099
APCDD1,ALK3_A,1.8646,0.0036
BCL11B,ALK3_A,1.4894,0.0104
BEGAIN,ALK3_R,0.6616,0
BTBD11,ALK3_R,0.612,0
C20orf103,ALK3_R,0.6438,0
C4orf43,ALK3_R,0,0.002
C6orf176,ALK3_R,0.4988,0
CHAC1,ALK3_R,0,0
CRH,ALK3_R,0.6727,0
CTDSP2,ALK3_A,1.3442,0
CTSF,ALK3_A,1.3669,0.0243
CYP1B1,ALK3_A,2.5437,0
DUSP4,ALK3_R,0.5543,0
EFCAB2,ALK3_R,0,0
EFNB2,ALK3_R,0.528,0
ETV1,ALK3_R,0,0
FAM84B,ALK3_R,0.4223,0.0078
FAM89A,ALK3_R,0.5901,0.0057
FMN1,ALK3_A,1.3925,0.0048
GAL,ALK3_R,0.6334,0
GNPNAT1,ALK3_R,0.669,0
HDAC5,ALK3_A,1.2234,0.0099
HIST1H2AC,ALK3_A,1.1444,0
HIST2H2AA4,ALK3_A,1.1022,0.0021
HK2,ALK3_R,0.6547,0
HPRT1,ALK3_R,0.7926,0
IGFBP5,ALK3_A,2.4766,0
KIAA1211,ALK3_A,1.1489,0.0149
LDHA,ALK3_R,0.7983,0
LGR5,ALK3_R,0.5208,0
LOC399959,ALK3_A,1.4653,0.0135
LPXN,ALK3_R,0,0.0115
MAB21L1,ALK3_A,1.1778,0
MAFF,ALK3_R,0,0
MEIS2,ALK3_A,1.3502,0
MID1,ALK3_R,0.6263,0
MYCN,ALK3_R,0.6486,0.0013
NAV2,ALK3_R,0.8325,0.0113
NME1,ALK3_R,0.8699,0
PDE7B,ALK3_R,0.4888,0.0103
PDZRN3,ALK3_A,1.2708,0
PGAM1,ALK3_R,0.8807,0.0043
PI15,ALK3_R,0.6123,0.0043
PPFIBP2,ALK3_R,0.6044,0
PPP1R13B,ALK3_R,0.6661,0.0014
PPP1R16B,ALK3_R,0.7174,0.0097
PRKCA,ALK3_R,0.7401,0.0187
PTPRD,ALK3_A,1.2987,0.0017
PTPRE,ALK3_R,0.4986,0.0026
RAMP1,ALK3_R,0.7001,0
RGS8,ALK3_R,0,0
RND3,ALK3_R,0.708,0
RPS18,ALK3_A,1.0986,0.0014
SC4MOL,ALK3_A,3.56764E+11,0
SESN3,ALK3_A,1.1589,0.0181
SH3BP5,ALK3_A,1.2076,0.0409
SNAI2,ALK3_A,1.2905,0.0484
SPRED1,ALK3_R,0.6633,0.002
SPRED2,ALK3_R,0.7722,0.0053
SPRY2,ALK3_R,0.8819,0.0075
SPRY4,ALK3_R,0.4181,0
STARD4,ALK3_R,0.8293,0
TFPI2,ALK3_R,0.4132,0
TRAM1L1,ALK3_A,1.3514,0
TUBB2A,ALK3_R,0.7843,0
VGF,ALK3_R,0.5822,0
WDR77,ALK3_R,0.7415,0.002
YPEL3,ALK3_A,1.3364,0.0024
ZFPM2,ALK3_A,1.8214,0.0099
ZNF536,ALK3_R,0,0
APCDD1,GAK_R,0,0
CCDC68,GAK_R,0,0
CYP1B1,GAK_R,0,0
HIST1H2BG,GAK_R,0.8723,0.0045
HIST2H2AA4,GAK_R,0.8623,0
HPRT1,GAK_R,0.8234,0.0193
MAB21L1,GAK_A,1.1998,0
RAMP1,GAK_R,0.7519,0.0018
RGS8,GAK_R,0,0.0013
SC4MOL,GAK_A,1.02894E+12,0
ZNF536,GAK_R,0,0
hCG_1776018,GAK_R,0,0.0013
C6orf176,MAP3K10_R,0.6363,0
CRH,MAP3K10_A,1.1535,0.0012
DUSP5,MAP3K10_A,1.1483,0.0093
HIST2H2AA4,MAP3K10_R,0.8009,0
HIST3H2A,MAP3K10_R,0.8216,0.0159
MAB21L1,MAP3K10_A,1.2037,0
MBNL2,MAP3K10_A,1.2293,0.0383
NAV2,MAP3K10_A,1.2671,0.0012
PPFIBP2,MAP3K10_A,1.3763,0.0024
SESN3,MAP3K10_A,1.1804,0.0336
SPRY4,MAP3K10_A,1.1864,0.0336
STARD4,MAP3K10_A,1.2999,0
CDCA7,ERN2_R,0.7662,0.0384
CRH,ERN2_A,1.3501,0
DUSP5,ERN2_A,1.1419,0.0073
HIST1H2AC,ERN2_R,0.8708,0.0013
HIST1H2BG,ERN2_R,0.8341,0
HIST2H2AA4,ERN2_R,0.7555,0
HIST3H2A,ERN2_R,0.7979,0.0022
HK2,ERN2_R,0.7667,0.0014
LDHA,ERN2_R,0.8058,0
NDRG1,ERN2_A,1.3901,0.0384
RFX3,ERN2_R,0,0
RPS18,ERN2_A,1.0818,0.008
SC4MOL,ERN2_A,6.96229E+11,0
SPRY4,ERN2_A,1.1888,0.0231
AK3L1,PRKAR1B_A,1.2745,0.0447
BEGAIN,PRKAR1B_A,1.3404,0
C6orf176,PRKAR1B_A,1.4817,0
CCDC68,PRKAR1B_A,1.5656,0
CRB2,PRKAR1B_R,0.4963,0
CRH,PRKAR1B_A,1.4535,0
CTSF,PRKAR1B_R,0.6775,0.0447
DSE,PRKAR1B_R,0.6552,0.0447
EFNB2,PRKAR1B_A,1.4288,0.0102
GAPDH,PRKAR1B_R,0.9224,0.0226
KIAA1211,PRKAR1B_A,1.2331,0
MAFF,PRKAR1B_A,1.5778,0.0414
MBNL2,PRKAR1B_A,1.2876,0.0021
NDRG1,PRKAR1B_R,0.5418,0
RAMP1,PRKAR1B_A,1.1965,0.0414
RLBP1L1,PRKAR1B_A,1.4673,0.0258
RND3,PRKAR1B_A,1.3922,0
SPRY2,PRKAR1B_A,1.1732,0
SPRY4,PRKAR1B_A,1.2907,0
TFPI2,PRKAR1B_A,1.5589,0.0447
TUBB6,PRKAR1B_R,0.7203,0.0414
ZC3H6,PRKAR1B_R,0,0.0414
AK3L1,TAOK1NM_020791_R,0.7095,0.0057
BTBD11,TAOK1NM_020791_A,1.5561,0
C6orf176,TAOK1NM_020791_R,0.7755,0.0131
CDC23,TAOK1NM_020791_R,0.7394,0.0069
CRH,TAOK1NM_020791_A,1.1607,0
DOCK9,TAOK1NM_020791_A,2.0051,0.0361
DUSP4,TAOK1NM_020791_A,1.2804,0.0082
DUSP5,TAOK1NM_020791_A,1.1182,0.0226
GAL,TAOK1NM_020791_A,1.1136,0.0476
GAPDH,TAOK1NM_020791_R,0.9366,0.0466
GNPNAT1,TAOK1NM_020791_A,1.2905,0.0235
LDHA,TAOK1NM_020791_R,0.8595,0
MEIS2,TAOK1NM_020791_R,0.6975,0
PPM1D,TAOK1NM_020791_A,1.2331,0.0016
PRKCA,TAOK1NM_020791_R,0.7441,0.0476
PTPRE,TAOK1NM_020791_A,1.5835,0.0281
RFK,TAOK1NM_020791_R,0.7869,0.0028
RND3,TAOK1NM_020791_A,1.213,0.0199
SC4MOL,TAOK1NM_020791_A,1.81581E+12,0
SEC61G,TAOK1NM_020791_A,1.2106,0.002
SH3BP5,TAOK1NM_020791_R,0.7259,0.003
STARD4,TAOK1NM_020791_A,1.1818,0.0016
TNFRSF21,TAOK1NM_020791_A,1.2934,0.0016
TUBB2A,TAOK1NM_020791_A,1.1802,0.0059
VLDLR,TAOK1NM_020791_R,0.8117,0.0466
AK3L1,ACVR2B_A,1.3702,0.0027
ATP10D,ACVR2B_R,0.6576,0.0402
BRI3BP,ACVR2B_R,0.7871,0.0116
C6orf176,ACVR2B_A,1.4045,0
CCDC68,ACVR2B_A,1.5503,0
CRH,ACVR2B_R,0.8024,0
GAPDH,ACVR2B_R,0.8344,0
GRIA2,ACVR2B_A,1.4661,0.0116
HK2,ACVR2B_A,1.2853,0
ISLR,ACVR2B_R,0.7718,0.0116
LDHA,ACVR2B_A,1.1491,0
NME1,ACVR2B_A,1.1067,0.0035
PGAM1,ACVR2B_A,1.1035,0.0442
PRKCA,ACVR2B_R,0.7437,0.0475
RAMP1,ACVR2B_A,1.2222,0.0129
RFK,ACVR2B_A,1.2021,0.0197
SC4MOL,ACVR2B_A,1.37721E+12,0
TFPI2,ACVR2B_R,0.5268,0.0245
BRI3BP,PIM3_R,0.699,0
CDCA7,PIM3_R,0.76,0.0299
CYP1B1,PIM3_R,0,0
DUSP4,PIM3_A,1.3137,0.0054
DUSP5,PIM3_A,1.2121,0
FAM89A,PIM3_A,1.5253,0.0205
GAL,PIM3_R,0.8432,0.0038
HIST1H2AC,PIM3_R,0.8568,0.0011
HIST1H2BG,PIM3_R,0.7705,0
HIST2H2AA4,PIM3_R,0.7954,0
HIST3H2A,PIM3_R,0.7619,0
IGDCC3,PIM3_A,1.9508,0.0137
LDHA,PIM3_R,0.8948,0.0173
NDRG1,PIM3_A,1.3855,0.0299
OSTM1,PIM3_A,1.289,0.0199
SPRY2,PIM3_A,1.1951,0
hCG_1776018,PIM3_R,0,0.0013
BAALC,DDR1_A,1.9007,0
CRH,DDR1_A,1.4808,0
HIST1H2BG,DDR1_R,0.8411,0
HIST2H2AA4,DDR1_R,0.9007,0.0146
LDHA,DDR1_R,0.8493,0
SC4MOL,DDR1_A,5.29453E+11,0
SPRY2,DDR1_A,1.151,0.0143
CRH,CSNK2A2_R,0.868,0.0044
LDHA,CSNK2A2_R,0.9007,0.0468
NAV2,CSNK2A2_A,1.2623,0.0044
AK3L1,RPS2_R,0.7511,0.0299
BEGAIN,RPS2_R,0.7955,0.0351
BTBD11,RPS2_R,0.811,0.0238
CRH,RPS2_A,1.1478,0
DUSP5,RPS2_A,1.2723,0
GAL,RPS2_R,0.7935,0
HIST2H2AA4,RPS2_R,0.9116,0.0039
HK2,RPS2_R,0.7308,0
HPRT1,RPS2_R,0.8492,0.0379
ISLR,RPS2_A,1.2512,0.0181
LDHA,RPS2_R,0.7947,0
NME1,RPS2_R,0.8935,0.0025
PDZRN3,RPS2_A,1.2494,0.0025
PTPRD,RPS2_A,1.2793,0.01
RAMP1,RPS2_R,0.8117,0.0238
RGS8,RPS2_R,0,0.0017
SESN3,RPS2_R,0.8001,0.0021
SPRY4,RPS2_R,0.7718,0
TRAM1L1,RPS2_A,1.337,0.0033
BEGAIN,CHEK1_A,1.2344,0.0404
CDCA7,CHEK1_R,0.4889,0
CRH,CHEK1_A,1.3385,0
DOCK9,CHEK1_A,1.9929,0.0347
DUSP4,CHEK1_A,1.5739,0
DUSP5,CHEK1_A,1.227,0
FAM84B,CHEK1_A,1.9605,0.0034
FAM89A,CHEK1_A,2.0351,0
GAL,CHEK1_A,1.4228,0
GDF15,CHEK1_A,4.4822,0
HIST1H2BG,CHEK1_R,0.8493,0
HIST2H2AA4,CHEK1_R,0.7407,0
KIAA1211,CHEK1_R,0.8336,0.0127
LDHA,CHEK1_R,0.8402,0
MEIS2,CHEK1_R,0.6941,0
MID1,CHEK1_A,1.3635,0.0167
PCDH20,CHEK1_R,0.5536,0.012
PDZRN3,CHEK1_R,0.6671,0
PLK3,CHEK1_A,1.6041,0.0137
PTPRE,CHEK1_A,1.5424,0.0388
RPS18,CHEK1_A,1.0932,0.0437
SESN3,CHEK1_A,1.275,0
VGF,CHEK1_A,1.3924,0.0034
BTBD11,MELK_A,1.392,0
CDCA7,MELK_R,0.6786,0
CRH,MELK_A,1.2534,0
DUSP4,MELK_A,1.3786,0
DUSP5,MELK_A,1.1241,0.0332
FAM89A,MELK_A,1.6084,0.0035
GAL,MELK_A,1.1315,0.0353
HIST1H2AC,MELK_R,0.8296,0
HIST1H2BG,MELK_R,0.7326,0
HIST2H2AA4,MELK_R,0.7376,0
HIST3H2A,MELK_R,0.8307,0.0203
HPRT1,MELK_R,0.8134,0.005
LDHA,MELK_R,0.8452,0
PDZRN3,MELK_R,0.7702,0.0013
PRKCA,MELK_R,0.7272,0.0349
RAMP1,MELK_A,1.4961,0
SC4MOL,MELK_A,7.40853E+11,0
SPRY2,MELK_A,1.1313,0.0195
STARD4,MELK_R,0.8367,0.0028
VGF,MELK_A,1.3155,0.0303
BTBD11,RYK_R,0.7888,0.01
C20orf103,RYK_R,0.6431,0
CRH,RYK_R,0.7406,0
CYP1B1,RYK_R,0,0
GAL,RYK_R,0.837,0
HIST2H2AA4,RYK_A,1.1056,0
PGAM1,RYK_A,1.118,0.0195
RND3,RYK_A,1.3944,0
SC4MOL,RYK_A,9.86269E+11,0
SPRY4,RYK_R,0.7317,0
C6orf176,TAOK3NM_016281_R,0.5748,0
CRB2,TAOK3NM_016281_R,0.6044,0.0071
GAL,TAOK3NM_016281_R,0.8594,0.0192
HIST1H2BG,TAOK3NM_016281_R,0.7975,0
MAB21L1,TAOK3NM_016281_A,1.3164,0
PCDH20,TAOK3NM_016281_R,0.5291,0.0111
RFK,TAOK3NM_016281_R,0.8086,0.0288
RGS8,TAOK3NM_016281_R,0,0.002
SC4MOL,TAOK3NM_016281_A,3.49737E+11,0
SPRY2,TAOK3NM_016281_A,1.2382,0
BTBD11,GOLGA5_A,1.3306,0
GAL,GOLGA5_A,1.1605,0.0082
HIST2H2AA4,GOLGA5_R,0.9182,0.0125
SC4MOL,GOLGA5_A,2.4799E+12,0
BEGAIN,IRAK1_R,0.7471,0.0059
BTBD11,IRAK1_A,1.4526,0
C20orf103,IRAK1_R,0.7227,0.0207
C6orf176,IRAK1_R,0.6813,0
CRH,IRAK1_A,1.1274,0.0097
GAL,IRAK1_R,0.8167,0
HDAC5,IRAK1_A,1.2417,0.025
ISLR,IRAK1_R,0.7286,0.0023
SC4MOL,IRAK1_A,3.15218E+12,0
SEC61G,IRAK1_A,1.1739,0.0266
STARD4,IRAK1_A,1.1811,0.0042
ABHD3,STK38L_R,0.6401,0.0085
BTBD11,STK38L_A,1.258,0.0181
DUSP5,STK38L_A,1.1351,0.048
CRH,C11orf17NUAK2NM_030952_R,0.845,0.0024
PPEF1,C11orf17NUAK2NM_030952_R,0,0
RAMP1,C11orf17NUAK2NM_030952_R,0.7776,0.0251
SC4MOL,C11orf17NUAK2NM_030952_A,8.89307E+11,0
C20orf103,PIK3R4_R,0.7366,0.0439
C6orf176,PIK3R4_R,0.6725,0
ICA1,PIK3R4_R,0.8552,0.0204
MAB21L1,PIK3R4_A,1.2196,0
PCDH20,PIK3R4_R,0.5417,0.0204
PDZRN3,PIK3R4_R,0.8163,0.0439
RAMP1,PIK3R4_A,1.3114,0
SESN3,PIK3R4_R,0.7434,0
ADM,MAPK14_R,0.5225,0.0055
BCL11B,MAPK14_R,0.5663,0.0055
BEGAIN,MAPK14_A,1.3192,0.0013
C20orf103,MAPK14_A,1.3235,0.0068
C6orf176,MAPK14_A,1.5823,0
CRB2,MAPK14_R,0.5382,0
CRH,MAPK14_A,1.1702,0
CRISPLD1,MAPK14_A,1.3529,0.0173
DOCK9,MAPK14_A,2.0733,0.0143
DSE,MAPK14_R,0.5576,0.0022
FLJ35024,MAPK14_R,0.6044,0
GDF15,MAPK14_A,2.4896,0.0019
GPRASP1,MAPK14_R,0.7026,0.0082
GRIA2,MAPK14_R,0.5557,0
HDAC5,MAPK14_R,0.8123,0.0313
HIST2H2AA4,MAPK14_A,1.1202,0.0019
ICA1,MAPK14_R,0.8841,0.0423
IGFBP5,MAPK14_A,1.6181,0.0352
KIAA1211,MAPK14_A,1.1482,0.0313
LDHA,MAPK14_R,0.9022,0.0173
LGR5,MAPK14_A,1.2721,0.0217
LOC645722,MAPK14_R,0.7433,0.0497
MAB21L1,MAPK14_R,0.7787,0
MEIS2,MAPK14_R,0.7892,0
PDE7B,MAPK14_A,1.7749,0.0069
PGAM1,MAPK14_R,0.8032,0
PI15,MAPK14_A,1.3643,0.0497
PRKCA,MAPK14_A,1.4124,0.0021
RAMP1,MAPK14_A,1.2664,0.0019
RFK,MAPK14_R,0.8211,0.0172
RGS16,MAPK14_A,2.427,0
RGS8,MAPK14_A,2.2169,0.0462
RND3,MAPK14_A,1.218,0.0144
SC4MOL,MAPK14_A,5.83635E+11,0
SESN3,MAPK14_R,0.7279,0
SH3BP5,MAPK14_R,0.6548,0
SPRY4,MAPK14_A,1.4954,0
STARD4,MAPK14_R,0.8361,0.0021
TFPI2,MAPK14_A,2.6219,0
TLE6,MAPK14_R,0.4771,0.0374
TRAM1L1,MAPK14_R,0.689,0
VLDLR,MAPK14_R,0.7595,0.0037
CRH,FLJ25006_A,1.3249,0
GAL,FLJ25006_R,0.7939,0
HIST1H2BG,FLJ25006_R,0.9067,0.0237
LDHA,FLJ25006_R,0.8866,0.0024
MEIS2,FLJ25006_R,0.8382,0.0237
PGAM1,FLJ25006_R,0.8812,0.0134
PPM1D,FLJ25006_A,1.2806,0
PPP1R16B,FLJ25006_R,0.685,0.0134
PRKCA,FLJ25006_R,0.7307,0.0448
PTPRD,FLJ25006_A,1.238,0.0448
RND3,FLJ25006_A,1.2531,0.0065
SC4MOL,FLJ25006_A,4.23358E+11,0
SH3BP5,FLJ25006_R,0.7149,0.003
TMEM22,FLJ25006_R,0.7702,0.0431
VGF,FLJ25006_A,1.312,0.0323
APCDD1,CSNK1D_R,0.5092,0.043
BEGAIN,CSNK1D_R,0.7865,0.0183
C4orf43,CSNK1D_R,0,0.0036
C6orf176,CSNK1D_R,0.7667,0.0107
CRISPLD1,CSNK1D_A,1.3905,0.0119
FRZB,CSNK1D_A,1.3543,0.0119
GAL,CSNK1D_R,0.8829,0.0345
GAPDH,CSNK1D_R,0.8198,0
HIST1H2BG,CSNK1D_R,0.839,0
HK2,CSNK1D_R,0.8028,0.0107
IGDCC3,CSNK1D_A,2.3092,0
LDHA,CSNK1D_R,0.7868,0
LPXN,CSNK1D_R,0,0.017
MAB21L1,CSNK1D_A,1.1411,0.0119
NME1,CSNK1D_A,1.127,0.0022
PFDN2,CSNK1D_A,1.1234,0.043
POLR2D,CSNK1D_A,1.1358,0.0345
PPP1R16B,CSNK1D_R,0.7395,0.043
PTPRD,CSNK1D_A,1.2665,0.0144
RAMP1,CSNK1D_R,0.7247,0
RFX3,CSNK1D_R,0,0
RGS8,CSNK1D_R,0,0
RND3,CSNK1D_A,1.4194,0
RPS18,CSNK1D_A,1.086,0.0144
SC4MOL,CSNK1D_A,3.79926E+11,0
SESN3,CSNK1D_A,1.2061,0.0051
SPRY2,CSNK1D_A,1.2823,0
TUBB2A,CSNK1D_R,0.8669,0.043
ZC3H6,CSNK1D_R,0,0.0311
ZNF536,CSNK1D_R,0,0
CRH,ACVR1B_R,0.6804,0
DUSP4,ACVR1B_R,0.7238,0.006
FAM89A,ACVR1B_A,1.6965,0.0025
FRZB,ACVR1B_A,1.4179,0.006
HK2,ACVR1B_R,0.7983,0.0176
IGDCC3,ACVR1B_A,2.0122,0.0143
LDHA,ACVR1B_R,0.891,0.0112
PCDH20,ACVR1B_A,1.5316,0.0402
PRKCA,ACVR1B_A,1.4669,0.0024
TUBB2A,ACVR1B_A,1.1643,0.0402
BAALC,TRIB1_A,1.5996,0.0312
BEGAIN,TRIB1_A,1.2342,0.0312
BTBD11,TRIB1_A,1.3571,0
C6orf176,TRIB1_A,1.687,0
CRH,TRIB1_A,1.7563,0
FLJ35024,TRIB1_R,0.6713,0.0147
HIST1H2AC,TRIB1_R,0.8869,0.0138
HIST1H2BG,TRIB1_R,0.8141,0
HIST2H2AA4,TRIB1_R,0.8351,0
LGR5,TRIB1_A,1.5189,0
MAB21L1,TRIB1_R,0.7004,0
PDE7B,TRIB1_A,1.9128,0.0022
PDZRN3,TRIB1_R,0.7725,0.0015
PRKCA,TRIB1_R,0.7051,0.018
RAMP1,TRIB1_A,1.5181,0
RFK,TRIB1_R,0.8009,0.0104
RRS1,TRIB1_A,1.1743,0.0492
SPRY4,TRIB1_A,1.2961,0
TFPI2,TRIB1_A,2.3041,0
VGF,TRIB1_A,1.3085,0.0258
CRH,MAP3K14_A,1.1528,0.0014
SC4MOL,MAP3K14_A,2.03109E+12,0
EFNB2,MARK2_R,0.6581,0.022
FLJ35024,MARK2_R,0.6538,0.0092
HIST1H2BG,MARK2_A,1.1691,0
ICA1,MARK2_R,0.7927,0
RAMP1,MARK2_R,0.7179,0
RGS8,MARK2_R,0,0.001
SC4MOL,MARK2_A,2.09509E+12,0
TRIB1,MARK2_R,0.3142,0
VGF,MARK2_A,1.3523,0.0141
C20orf103,PRKACB_R,0.6778,0.0028
CRH,PRKACB_R,0.8315,0
CTDSP2,PRKACB_A,1.2446,0.0028
HIST1H2BG,PRKACB_A,1.094,0.0437
HIST2H2AA4,PRKACB_A,1.1145,0
RND3,PRKACB_A,1.3042,0
SC4MOL,PRKACB_A,9.23936E+11,0
SPRY4,PRKACB_R,0.801,0.0038
BEGAIN,CDK6_R,0.7894,0.019
BTBD11,CDK6_R,0.5537,0
C20orf103,CDK6_R,0.567,0
C4orf43,CDK6_R,0,0.0033
C6orf176,CDK6_R,0.5925,0
CCDC68,CDK6_R,0,0
CDCA7,CDK6_R,0.6616,0
CHAC1,CDK6_R,0,0
CYP1B1,CDK6_R,0,0
DUSP5,CDK6_A,1.3824,0
ESRRG,CDK6_A,2.1092,0.0305
FLJ35024,CDK6_A,1.5373,0
GPRASP1,CDK6_A,1.2949,0.0339
GRIA2,CDK6_A,1.393,0.0249
HDAC5,CDK6_A,1.2133,0.0272
HIST1H2AC,CDK6_R,0.8554,0
HIST1H2BG,CDK6_R,0.7982,0
HIST2H2AA4,CDK6_R,0.7235,0
HIST3H2A,CDK6_R,0.8129,0.0039
ISLR,CDK6_R,0.703,0
LDHA,CDK6_R,0.7322,0
MAB21L1,CDK6_A,1.4681,0
MEIS2,CDK6_R,0.8651,0.0467
NME1,CDK6_R,0.9032,0.0083
NR3C1,CDK6_A,1.7066,0
OSTM1,CDK6_A,1.3019,0.0058
PCDH20,CDK6_R,0.5528,0.0054
PGAM1,CDK6_R,0.8609,0.0011
PPFIBP2,CDK6_A,1.3683,0.0012
PRKCA,CDK6_A,1.7185,0
RAMP1,CDK6_R,0.7802,0.0031
RGS16,CDK6_R,0,0
RLBP1L1,CDK6_R,0.611,0.0158
RND3,CDK6_R,0.7941,0.0078
RPS18,CDK6_A,1.1467,0
SAMSN1,CDK6_A,2.097,0
SESN3,CDK6_A,1.2465,0
SPRY2,CDK6_A,1.1617,0.001
SPRY4,CDK6_R,0.8379,0.0182
TFPI2,CDK6_R,0.58,0.0403
TRAM1L1,CDK6_A,1.2449,0.0305
VLDLR,CDK6_A,1.3743,0
hCG_1776018,CDK6_R,0,0
BEGAIN,MAST2_A,1.2222,0.0463
C20orf103,MAST2_A,1.2621,0.0487
C4orf43,MAST2_R,0,0.0047
C6orf176,MAST2_A,1.2224,0.0463
CRH,MAST2_A,1.6433,0
CRISPLD1,MAST2_A,1.3597,0.0276
DUSP5,MAST2_A,1.2171,0
GAPDH,MAST2_R,0.8959,0
HDAC5,MAST2_R,0.8153,0.0463
HIST1H2AC,MAST2_R,0.9092,0.0463
HIST2H2AA4,MAST2_R,0.8778,0
IGDCC3,MAST2_A,2.2595,0
LDHA,MAST2_R,0.882,0.0011
LGR5,MAST2_A,1.2869,0.024
LOC645722,MAST2_R,0.7275,0.0497
MAB21L1,MAST2_R,0.8607,0.0048
MID1,MAST2_A,1.3061,0.0463
NME1,MAST2_A,1.0847,0.0463
PCDH20,MAST2_R,0.5702,0.0226
PGAM1,MAST2_A,1.1528,0.0015
PI15,MAST2_A,1.4098,0.0463
RRS1,MAST2_A,1.173,0.0463
SC4MOL,MAST2_A,1.18476E+12,0
SPRY2,MAST2_A,1.1939,0
STARD4,MAST2_R,0.8844,0.0497
YPEL3,MAST2_R,0.7284,0.017
ZC3H6,MAST2_R,0,0.0463
BRI3BP,PDGFRB_A,1.2569,0.0095
C6orf176,PDGFRB_R,0.7548,0.0095
CDCA7,PDGFRB_A,1.277,0.0216
CRH,PDGFRB_R,0.592,0
GAL,PDGFRB_R,0.881,0.0318
HIST1H2BG,PDGFRB_A,1.1395,0
ISLR,PDGFRB_R,0.77,0.0108
LOC399959,PDGFRB_R,0.5926,0.02
MAB21L1,PDGFRB_A,1.1347,0.0186
MEIS2,PDGFRB_A,1.1784,0.0197
MID1,PDGFRB_R,0.6774,0.0103
PCDH20,PDGFRB_A,1.9359,0
PI15,PDGFRB_R,0.6479,0.0386
PTPRE,PDGFRB_R,0.5563,0.0381
RND3,PDGFRB_A,1.2752,0.0024
SC4MOL,PDGFRB_A,1.44697E+12,0
SEC61G,PDGFRB_A,1.1946,0.0095
SPRY4,PDGFRB_R,0.6502,0
BTBD11,ARAF_A,1.3587,0
C6orf176,ARAF_R,0.783,0.0353
CRH,ARAF_A,1.1709,0
HIST1H2BG,ARAF_R,0.8672,0
HIST2H2AA4,ARAF_R,0.8539,0
LDHA,ARAF_R,0.8429,0
NAV2,ARAF_A,1.2161,0.0096
RPS18,ARAF_A,1.0876,0.0012
SC4MOL,ARAF_A,6.33712E+11,0
SESN3,ARAF_A,1.2288,0.0012
CRH,CSNK1G3_R,0.8089,0
HIST2H2AA4,CSNK1G3_R,0.924,0.011
HK2,CSNK1G3_R,0.8166,0.0186
ICA1,CSNK1G3_A,1.2644,0
ISLR,CSNK1G3_R,0.7291,0
LDHA,CSNK1G3_R,0.8607,0
MAB21L1,CSNK1G3_A,1.1451,0.0048
MBNL2,CSNK1G3_A,1.3373,0
OSTM1,CSNK1G3_A,1.2652,0.0235
PDZRN3,CSNK1G3_R,0.82,0.0186
PPFIBP2,CSNK1G3_A,1.4101,0
PPM1D,CSNK1G3_A,1.2498,0
PRKCA,CSNK1G3_A,1.8556,0
RGS8,CSNK1G3_R,0,0
RPS18,CSNK1G3_R,0.9234,0.0031
SC4MOL,CSNK1G3_A,2.04493E+12,0
SESN3,CSNK1G3_A,1.1889,0.0083
UBC,CSNK1G3_A,1.0831,0.0033
BEGAIN,CSK_R,0.7733,0.0282
BTBD11,CSK_A,1.2442,0.0158
C20orf103,CSK_R,0.5812,0
FMN1,CSK_A,1.3712,0.0368
LDHA,CSK_R,0.8588,0
MEIS2,CSK_R,0.8403,0.0368
RAMP1,CSK_R,0.8033,0.0356
SPRY2,CSK_A,1.1557,0.0058
TFPI2,CSK_R,0.4938,0.0249
VGF,CSK_A,1.3981,0.0058
C20orf103,MAP2K4_A,1.6197,0
CRH,MAP2K4_R,0.8577,0
CYP1B1,MAP2K4_R,0,0
DSE,MAP2K4_R,0.6132,0.0318
EFNB2,MAP2K4_A,1.8542,0
ETV1,MAP2K4_A,1.8531,0
GAL,MAP2K4_R,0.7268,0
HIST2H2AA4,MAP2K4_R,0.8995,0
IGFBP5,MAP2K4_A,1.7334,0.0158
PRKCA,MAP2K4_A,1.4372,0.0012
RAMP1,MAP2K4_R,0.7058,0
RND3,MAP2K4_A,1.3516,0
SC4MOL,MAP2K4_A,7.81183E+11,0
hCG_1776018,MAP2K4_R,0,0.0011
C6orf176,VRK2_R,0.6122,0
DUSP5,VRK2_A,1.1841,0
GAL,VRK2_R,0.8381,0
ICA1,VRK2_R,0.8578,0.0104
RAMP1,VRK2_R,0.744,0
SC4MOL,VRK2_A,1.21355E+12,0
ZNF536,VRK2_R,0,0
ALDH1L2,CLK2_R,0,0
BTBD11,CLK2_A,1.3214,0
CCDC68,CLK2_R,0,0
CRB2,CLK2_R,0,0
CRH,CLK2_A,1.4175,0
CYP1B1,CLK2_R,0,0
ESRRG,CLK2_R,0,0
FLJ35024,CLK2_R,0.6312,0.0033
ISLR,CLK2_R,0.7598,0.0088
LOC441046,CLK2_R,0,0
LPXN,CLK2_R,0,0.025
PDE7B,CLK2_A,1.694,0.0297
RGS8,CLK2_R,0,0
RND3,CLK2_A,1.3408,0
SC4MOL,CLK2_A,1.46571E+12,0
hCG_1776018,CLK2_R,0,0
GAL,TRIO_R,0.8175,0
GNPNAT1,TRIO_R,0.7145,0.0296
ISLR,TRIO_R,0.731,0.0039
SPRY4,TRIO_R,0.7448,0
ATP10D,BCKDK_R,0.6792,0.0475
BAALC,BCKDK_A,1.7638,0.0013
BRI3BP,BCKDK_R,0.7377,0
C20orf103,BCKDK_R,0.611,0
C6orf176,BCKDK_A,1.5971,0
CDC23,BCKDK_R,0.6537,0
CRB2,BCKDK_A,1.4242,0.0087
CRH,BCKDK_A,1.1424,0
DUSP4,BCKDK_A,1.3291,0.0011
DUSP5,BCKDK_A,1.1589,0
ESRRG,BCKDK_A,2.3405,0.0055
GAL,BCKDK_A,1.2117,0
GDF15,BCKDK_A,2.0805,0.0177
GRIA2,BCKDK_A,1.655,0
HIST1H2AC,BCKDK_R,0.8834,0.0025
HIST1H2BG,BCKDK_R,0.7554,0
HIST2H2AA4,BCKDK_R,0.8004,0
HIST3H2A,BCKDK_R,0.859,0.0421
ISLR,BCKDK_R,0.8099,0.0328
LDHA,BCKDK_R,0.8323,0
LGR5,BCKDK_A,1.4197,0
MAB21L1,BCKDK_A,1.1972,0
MBNL2,BCKDK_A,1.246,0.0079
NME1,BCKDK_R,0.9058,0.0064
NR3C1,BCKDK_A,1.6297,0.0025
PDE7B,BCKDK_A,1.7145,0.0122
PDZRN3,BCKDK_R,0.7835,0.0014
PI15,BCKDK_A,1.6784,0
PPFIBP2,BCKDK_A,1.3196,0.0055
PPM1D,BCKDK_A,1.1685,0.0248
RAMP1,BCKDK_A,1.3303,0
RFK,BCKDK_A,1.369,0
RPS18,BCKDK_A,1.1034,0
SAMSN1,BCKDK_A,2.5899,0
SPRY2,BCKDK_A,1.2781,0
STARD4,BCKDK_R,0.8191,0
TRIB1,BCKDK_A,1.3691,0.0087
VGF,BCKDK_A,1.7637,0
BRI3BP,TRIB3_R,0.8148,0.046
C20orf103,TRIB3_R,0.6361,0
C6orf176,TRIB3_R,0.7334,0.0037
DUSP5,TRIB3_A,1.1301,0.0217
FMN1,TRIB3_A,1.377,0.0217
GAL,TRIB3_R,0.8294,0
GNPNAT1,TRIB3_R,0.7107,0.0133
HIST1H2BG,TRIB3_R,0.912,0.0381
ISLR,TRIB3_A,1.2508,0.0217
LDHA,TRIB3_R,0.8637,0
MAB21L1,TRIB3_A,1.1438,0.0133
MBNL2,TRIB3_R,0.8007,0.0381
MEIS2,TRIB3_R,0.8485,0.0381
PPM1D,TRIB3_A,1.1679,0.0462
PTPRD,TRIB3_A,1.2379,0.0434
RAMP1,TRIB3_R,0.825,0.0455
RFK,TRIB3_A,1.2805,0
TFPI2,TRIB3_R,0.4668,0.0087
TRIB3,TRIB3_R,0.4584,0
APCDD1,CDC2L5_R,0.2643,0
BAALC,CDC2L5_A,1.6202,0.0129
BRI3BP,CDC2L5_R,0.8099,0.0172
C20orf103,CDC2L5_A,1.4277,0
C20orf19,CDC2L5_A,1.4365,0.0065
C4orf34,CDC2L5_R,0.648,0.0138
CRH,CDC2L5_R,0.7607,0
EFNB2,CDC2L5_A,1.6039,0
ESRRG,CDC2L5_A,2.2255,0.0182
ETV1,CDC2L5_A,2.1101,0
FLJ35024,CDC2L5_R,0.6106,0
FRZB,CDC2L5_A,1.5022,0
GAL,CDC2L5_R,0.8734,0.0083
GRIA2,CDC2L5_A,1.6076,0
HIST1H2AC,CDC2L5_R,0.8835,0.0016
HIST1H2BG,CDC2L5_R,0.8377,0
HIST2H2AA4,CDC2L5_R,0.8489,0
HIST3H2A,CDC2L5_R,0.7727,0
ICA1,CDC2L5_R,0.7846,0
IGDCC3,CDC2L5_A,2.0975,0.001
ISLR,CDC2L5_R,0.7344,0
KLHDC2,CDC2L5_R,0.8427,0.0471
KLHL2,CDC2L5_A,1.2913,0.035
LDHA,CDC2L5_R,0.8422,0
LGR5,CDC2L5_R,0.6574,0
LOC645722,CDC2L5_R,0.42,0
MAB21L1,CDC2L5_A,1.4974,0
MEIS2,CDC2L5_A,1.1491,0.0327
MYCN,CDC2L5_A,1.3609,0.0083
PDZRN3,CDC2L5_R,0.7382,0
PI15,CDC2L5_A,1.4179,0.022
PPFIBP2,CDC2L5_A,1.2875,0.0134
PRKCA,CDC2L5_A,2.0171,0
PTPRE,CDC2L5_R,0.5463,0.016
RAMP1,CDC2L5_R,0.8202,0.0172
RFK,CDC2L5_R,0.8338,0.0211
RGS8,CDC2L5_R,0,0
RND3,CDC2L5_A,1.3493,0
SAMSN1,CDC2L5_A,1.7111,0.016
SC4MOL,CDC2L5_A,7.73907E+11,0
SLIT2,CDC2L5_A,2.1935,0
SPRY2,CDC2L5_A,1.2472,0
SPRY4,CDC2L5_A,1.2546,0
STARD4,CDC2L5_A,1.1399,0.0129
VGF,CDC2L5_R,0.7199,0.0079
ZC3H6,CDC2L5_R,0,0.034
CRH,MAP4K2_A,1.1668,0.0031
GAL,MAP4K2_R,0.8092,0
ISLR,MAP4K2_R,0.6343,0
MAB21L1,MAP4K2_A,1.1477,0.0486
MBNL2,MAP4K2_A,1.2452,0.0486
METTL1,MAP4K2_R,0.6262,0.0113
SC4MOL,MAP4K2_A,5.7676E+11,0
BAALC,ADCK1_A,1.7544,0.0038
BTBD11,ADCK1_A,1.2917,0.0011
C20orf103,ADCK1_A,1.6955,0
CDCA7,ADCK1_R,0.7724,0.043
FAM89A,ADCK1_A,1.5961,0.0065
HIST1H2BG,ADCK1_R,0.7873,0
HIST2H2AA4,ADCK1_R,0.8172,0
HIST3H2A,ADCK1_R,0.8471,0.0435
HPRT1,ADCK1_R,0.8021,0.0026
IGDCC3,ADCK1_A,3.021,0
LDHA,ADCK1_R,0.7979,0
MEIS2,ADCK1_R,0.8212,0.008
MID1,ADCK1_A,1.3096,0.0453
PPFIBP2,ADCK1_A,1.2759,0.043
PPP1R16B,ADCK1_A,1.3382,0.0259
PTPRD,ADCK1_R,0.7673,0.017
RGS16,ADCK1_A,2.3578,0.0026
RGS8,ADCK1_A,2.4351,0.0448
RPS18,ADCK1_A,1.0884,0.0085
SPRY4,ADCK1_A,1.4207,0
TUBB2A,ADCK1_A,1.1737,0.0159
ADM,TAE_6h_A,4.4925,0
AK3L1,TAE_6h_R,0.6667,0
APCDD1,TAE_6h_A,2.9775,0
ATP10D,TAE_6h_A,1.6509,0
AUH,TAE_6h_A,1.4475,0
BAALC,TAE_6h_R,0.6348,0.0386
BCL11B,TAE_6h_A,2.4064,0
BEGAIN,TAE_6h_R,0.4935,0
BRI3BP,TAE_6h_R,0.7867,0.002
BTBD11,TAE_6h_R,0.2324,0
BYSL,TAE_6h_R,0.7735,0
C11orf75,TAE_6h_R,0.5173,0
C20orf103,TAE_6h_R,0.3217,0
C20orf19,TAE_6h_A,1.4534,0.0016
C4orf34,TAE_6h_A,1.5981,0
C6orf176,TAE_6h_R,0.2174,0
C7orf40,TAE_6h_R,0.7415,0
CCDC68,TAE_6h_R,0.7411,0.0191
CDCA7,TAE_6h_R,0.6077,0
CHIC2,TAE_6h_A,1.3392,0.0177
CIR1,TAE_6h_A,1.2789,0.0053
CRB2,TAE_6h_A,1.9716,0
CRH,TAE_6h_R,0.5068,0
CRISPLD1,TAE_6h_R,0.7122,0.0069
CTDSP2,TAE_6h_A,1.6991,0
CTSF,TAE_6h_A,2.0206,0
CYP1B1,TAE_6h_A,5.1471,0
DCTPP1,TAE_6h_R,0.71,0.0104
DEPDC6,TAE_6h_A,1.7805,0.0271
DOCK9,TAE_6h_R,0.3846,0.0141
DSE,TAE_6h_A,1.5774,0
DUSP4,TAE_6h_R,0.2196,0
DUSP5,TAE_6h_A,1.1838,0
DYM,TAE_6h_A,1.1585,0.0384
EFNB2,TAE_6h_R,0.2638,0
ESRRG,TAE_6h_R,0,0
ETV1,TAE_6h_R,0.1096,0
FAM117A,TAE_6h_A,1.5287,0.0223
FAM78B,TAE_6h_R,0.4856,0
FAM84B,TAE_6h_R,0.095,0
FLJ35024,TAE_6h_A,1.8904,0
FMN1,TAE_6h_A,1.761,0
FRZB,TAE_6h_A,1.4161,0
GAL,TAE_6h_R,0.8071,0
GAS1,TAE_6h_A,1.2987,0.03
GNPNAT1,TAE_6h_R,0.7502,0.0064
GPRASP1,TAE_6h_A,1.2889,0.0136
GRIA2,TAE_6h_A,2.5898,0
HDAC5,TAE_6h_A,1.6441,0
HEBP1,TAE_6h_A,1.5668,0.0046
HIST1H2AC,TAE_6h_A,1.1656,0
HIST1H2BG,TAE_6h_A,1.187,0
HIST2H2AA4,TAE_6h_A,1.0794,0.0016
HIST3H2A,TAE_6h_A,1.1243,0.0398
HK2,TAE_6h_R,0.3543,0
HPRT1,TAE_6h_R,0.7117,0
HSPA5,TAE_6h_R,0.5239,0
ICA1,TAE_6h_A,1.471,0
IGFBP5,TAE_6h_A,3.3602,0
IRAK4,TAE_6h_A,1.6709,0.0245
ISLR,TAE_6h_R,0.5367,0
KCNN2,TAE_6h_A,1.7863,0
KIAA0831,TAE_6h_A,1.4191,0
KIAA1211,TAE_6h_A,1.2573,0
KLHDC2,TAE_6h_A,1.4415,0
LDHA,TAE_6h_R,0.765,0
LGR5,TAE_6h_R,0.2887,0
LOC399959,TAE_6h_A,2.2673,0
LOC645722,TAE_6h_A,1.465,0
LRRC8B,TAE_6h_R,0.7436,0.0029
LRRTM2,TAE_6h_A,2.1365,0
MAB21L1,TAE_6h_A,1.2952,0
MAFF,TAE_6h_R,0.5799,0.0144
MBD5,TAE_6h_A,1.505,0
MBNL2,TAE_6h_A,1.3782,0
MEIS2,TAE_6h_A,1.4298,0
METTL1,TAE_6h_R,0.7581,0.0386
MFSD2,TAE_6h_R,0.3895,0
MID1,TAE_6h_R,0.3823,0
MTHFD1L,TAE_6h_R,0.5869,0
MYCN,TAE_6h_R,0.3525,0
NAV2,TAE_6h_R,0.5111,0
NDRG1,TAE_6h_A,2.431,0
NME1,TAE_6h_R,0.7026,0
NR3C1,TAE_6h_A,1.3888,0.0321
PCDH20,TAE_6h_A,1.8636,0
PDE7B,TAE_6h_R,0.3165,0
PDZRN3,TAE_6h_A,1.4261,0
PFDN2,TAE_6h_R,0.8744,0.0024
PGAM1,TAE_6h_R,0.7055,0
PI15,TAE_6h_R,0.5745,0
PLK3,TAE_6h_R,0.5133,0.0018
POLR2D,TAE_6h_R,0.8441,0
PPEF1,TAE_6h_R,0.3052,0
PPFIBP2,TAE_6h_R,0.453,0
PPP1R13B,TAE_6h_R,0.6589,0
PPP1R16B,TAE_6h_R,0.6696,0
PRDX4,TAE_6h_R,0.8044,0.017
PRKCA,TAE_6h_R,0.3794,0
PTPRD,TAE_6h_A,1.9338,0
PTPRE,TAE_6h_R,0.2374,0
PTS,TAE_6h_R,0.8173,0.0364
PURG,TAE_6h_A,1.2243,0.0287
RAMP1,TAE_6h_R,0.5682,0
RFK,TAE_6h_R,0.7982,0
RGS16,TAE_6h_R,0.3957,0.0123
RLBP1L1,TAE_6h_R,0.4253,0
RND3,TAE_6h_R,0.2281,0
RPS18,TAE_6h_A,1.1029,0
RRS1,TAE_6h_R,0.6357,0
SAMSN1,TAE_6h_R,0.5668,0.0292
SC4MOL,TAE_6h_A,1.34389E+12,0
SCYL3,TAE_6h_A,1.3211,0.0134
SEC61G,TAE_6h_R,0.8516,0.0044
SESN3,TAE_6h_A,1.7855,0
SH3BP5,TAE_6h_A,1.5718,0
SLIT2,TAE_6h_A,1.7804,0.0044
SNAI2,TAE_6h_A,1.3188,0.0147
SPRED1,TAE_6h_R,0.1611,0
SPRED2,TAE_6h_R,0.1993,0
SPRY2,TAE_6h_R,0.3839,0
SPRY4,TAE_6h_R,0.047,0
SRP19,TAE_6h_R,0.8535,0.0195
STARD4,TAE_6h_R,0.6442,0
TESK2,TAE_6h_A,2.0419,0
TFPI2,TAE_6h_R,0.4954,0.0013
TLE6,TAE_6h_A,3.5175,0
TMEM22,TAE_6h_R,0.7541,0.0023
TNFRSF21,TAE_6h_R,0.7733,0
TRAF3IP2,TAE_6h_R,0.4273,0.0244
TRAM1L1,TAE_6h_A,1.6091,0
TRIB1,TAE_6h_R,0.6366,0
TRIB3,TAE_6h_R,0.5606,0.001
TUBB2A,TAE_6h_R,0.6266,0
TUBB6,TAE_6h_R,0.6621,0
UBC,TAE_6h_A,1.0624,0.0062
VGF,TAE_6h_R,0.3121,0
VLDLR,TAE_6h_A,1.473,0
WDR77,TAE_6h_R,0.8027,0.0125
YPEL3,TAE_6h_A,2.3613,0
YPEL4,TAE_6h_A,2.8883,0
ZFPM2,TAE_6h_A,1.8962,0.0017
ADM,MKNK2_A,1.791,0
BTBD11,MKNK2_A,1.293,0
C6orf176,MKNK2_R,0.5924,0
CRH,MKNK2_R,0.7746,0
FRZB,MKNK2_A,1.3222,0.0373
HK2,MKNK2_R,0.6951,0
ISLR,MKNK2_R,0.7735,0.0119
KIAA1211,MKNK2_A,1.2019,0.0024
LDHA,MKNK2_R,0.7853,0
MAB21L1,MKNK2_A,1.3971,0
NAV2,MKNK2_A,1.2623,0
NME1,MKNK2_R,0.879,0
PRKCA,MKNK2_A,1.5598,0
RFK,MKNK2_R,0.6406,0
RGS8,MKNK2_R,0,0
TRAM1L1,MKNK2_A,1.2615,0.0447
GAL,PDK3_R,0.8378,0.0047
HIST2H2AA4,PDK3_R,0.9026,0.015
MBNL2,PDK3_A,1.4617,0
NAV2,PDK3_A,1.2098,0.0381
STARD4,PDK3_A,1.2874,0
ABHD3,CDC2L1_R,0.6217,0
BAALC,CDC2L1_A,2.3124,0
BRI3BP,CDC2L1_R,0.7929,0.0131
BTBD11,CDC2L1_A,2.0939,0
C20orf103,CDC2L1_R,0.6612,0
C6orf176,CDC2L1_A,1.955,0
CDCA7,CDC2L1_R,0.7179,0.002
CRB2,CDC2L1_R,0.6479,0.0091
CRH,CDC2L1_A,1.9623,0
CTDSP2,CDC2L1_R,0.8444,0.0477
DOCK9,CDC2L1_A,2.3171,0.0029
DUSP4,CDC2L1_A,1.5896,0
FLJ35024,CDC2L1_R,0.7022,0.0212
FMN1,CDC2L1_A,1.4408,0.002
GAL,CDC2L1_R,0.8659,0.0144
GTF2H2,CDC2L1_R,0.7699,0
HIST1H2AC,CDC2L1_R,0.8487,0
HIST1H2BG,CDC2L1_R,0.812,0
HIST2H2AA4,CDC2L1_R,0.7438,0
HIST3H2A,CDC2L1_R,0.7532,0
HPRT1,CDC2L1_R,0.7431,0
KIAA0831,CDC2L1_A,1.2945,0.0446
LDHA,CDC2L1_R,0.8263,0
LOC645722,CDC2L1_R,0.6619,0.006
MEIS2,CDC2L1_R,0.747,0
OSTM1,CDC2L1_A,1.2326,0.0477
PGAM1,CDC2L1_R,0.8012,0
POLR2D,CDC2L1_R,0.6827,0
PPFIBP2,CDC2L1_A,1.3861,0
PTPRD,CDC2L1_A,1.4183,0
RFK,CDC2L1_A,1.1874,0.0346
RGS16,CDC2L1_A,2.7099,0
RND3,CDC2L1_A,1.5702,0
SPRY2,CDC2L1_A,1.5025,0
SPRY4,CDC2L1_A,1.516,0
TFPI2,CDC2L1_A,1.9589,0
TRAM1L1,CDC2L1_R,0.6583,0
TUBB6,CDC2L1_R,0.7198,0.0255
VGF,CDC2L1_A,1.2966,0.025
BRI3BP,IGF1R_R,0.7564,0.0021
C6orf176,IGF1R_R,0.576,0
CRH,IGF1R_R,0.7015,0
CTDSP2,IGF1R_A,1.2123,0.005
CTSF,IGF1R_A,1.3779,0.0445
DSE,IGF1R_R,0.5475,0.0025
DUSP5,IGF1R_A,1.1415,0.0027
GAL,IGF1R_R,0.8657,0.005
HDAC5,IGF1R_A,1.2229,0.0218
HK2,IGF1R_R,0.7811,0.0021
ISLR,IGF1R_R,0.8055,0.0395
KIAA1211,IGF1R_A,1.2264,0
LDHA,IGF1R_R,0.8972,0.0021
MAB21L1,IGF1R_A,1.2974,0
MYCN,IGF1R_A,1.4868,0
NR3C1,IGF1R_A,1.5935,0.005
PCDH20,IGF1R_R,0.5835,0.0183
PGAM1,IGF1R_R,0.8913,0.0119
PRKCA,IGF1R_A,1.4489,0.0011
RAMP1,IGF1R_R,0.7579,0.0011
RFK,IGF1R_R,0.7873,0.0023
RGS8,IGF1R_R,0,0.0013
SC4MOL,IGF1R_A,1.69167E+12,0
YPEL3,IGF1R_A,1.2746,0.0352
CCDC68,EEF2K_R,0.5919,0
CRH,EEF2K_A,1.4115,0
ESRRG,EEF2K_A,2.3363,0.0129
GAL,EEF2K_A,1.306,0
GAPDH,EEF2K_R,0.9044,0
HIST1H2BG,EEF2K_R,0.9072,0.0095
HIST2H2AA4,EEF2K_R,0.9135,0.0015
ICA1,EEF2K_R,0.8071,0
ICAM2,EEF2K_A,1.9563,0.0184
LDHA,EEF2K_R,0.6561,0
LGR5,EEF2K_A,1.4173,0
MAB21L1,EEF2K_A,1.2087,0
MEIS2,EEF2K_A,1.3446,0
MID1,EEF2K_A,1.384,0.0071
PCDH20,EEF2K_R,0.5855,0.0184
PGAM1,EEF2K_R,0.9093,0.0462
PPFIBP2,EEF2K_A,1.4614,0
RAMP1,EEF2K_R,0.8149,0.0184
RFK,EEF2K_A,1.223,0.006
RND3,EEF2K_R,0.8118,0.0184
RRS1,EEF2K_A,1.2928,0
SAMSN1,EEF2K_A,1.684,0.0291
SC4MOL,EEF2K_A,1.1149E+12,0
SEC61G,EEF2K_A,1.2376,0
SESN3,EEF2K_A,1.1575,0.0305
SPRY2,EEF2K_A,1.1219,0.012
TIMM17A,EEF2K_A,1.2076,0.0184
TUBB2A,EEF2K_R,0.8633,0.0234
VGF,EEF2K_A,1.4564,0
C6orf176,STK16_A,1.2687,0.0121
CRB2,STK16_R,0.6274,0.011
CRH,STK16_A,1.2438,0
DUSP4,STK16_A,1.2702,0.019
DUSP5,STK16_A,1.17,0
HIST2H2AA4,STK16_R,0.8994,0.0011
HSPE1,STK16_R,0,0
LDHA,STK16_R,0.4853,0
MEIS2,STK16_A,1.2278,0.0014
NAV2,STK16_R,0.8117,0.0121
PPM1D,STK16_A,1.2654,0
PTPRD,STK16_A,1.4208,0
SC4MOL,STK16_A,2.19055E+12,0
SPRY4,STK16_R,0.8305,0.0216
C4orf34,MAP3K7_R,0.6438,0.0384
DUSP5,MAP3K7_A,1.1128,0.0387
GAL,MAP3K7_A,1.1259,0.0384
GAPDH,MAP3K7_R,0.9336,0.0384
HIST2H2AA4,MAP3K7_R,0.8795,0
HIST3H2A,MAP3K7_R,0.8265,0.0159
ICA1,MAP3K7_R,0.8658,0.0159
LGR5,MAP3K7_A,1.4121,0
OSTM1,MAP3K7_A,1.2622,0.0384
PI15,MAP3K7_A,1.4236,0.0457
PPM1D,MAP3K7_A,1.2177,0.0047
SC4MOL,MAP3K7_A,1.93848E+12,0
SPRY4,MAP3K7_A,1.2443,0
STARD4,MAP3K7_A,1.251,0
TFPI2,MAP3K7_A,2.4987,0
C20orf103,EPHA8_R,0.6316,0
CCDC68,EPHA8_R,0.6763,0.0114
CDCA7,EPHA8_R,0.647,0
CRB2,EPHA8_R,0.7032,0.0481
CRH,EPHA8_A,1.2502,0
CRISPLD1,EPHA8_A,1.413,0.0056
DOCK9,EPHA8_A,2.0753,0.0202
DUSP5,EPHA8_A,1.1603,0.0025
EFNB2,EPHA8_R,0.5714,0
FAM89A,EPHA8_A,1.8254,0
GAL,EPHA8_A,1.1508,0.0092
HIST1H2AC,EPHA8_R,0.8479,0
HIST2H2AA4,EPHA8_R,0.8311,0
HIST3H2A,EPHA8_R,0.8165,0.0063
MBNL2,EPHA8_A,1.2276,0.0202
MID1,EPHA8_A,1.4064,0.0038
NME1,EPHA8_R,0.8792,0.0013
NR3C1,EPHA8_A,1.6052,0.0052
PDZRN3,EPHA8_R,0.8281,0.0244
PI15,EPHA8_A,1.4791,0.0108
PPFIBP2,EPHA8_A,1.384,0.0012
RAMP1,EPHA8_A,1.2822,0.0012
RFK,EPHA8_A,1.2549,0.0019
RND3,EPHA8_R,0.7583,0.0016
SAMSN1,EPHA8_A,2.4084,0
SC4MOL,EPHA8_A,2.69138E+12,0
SESN3,EPHA8_A,1.1797,0.0172
SH3BP5,EPHA8_R,0.7484,0.0066
STARD4,EPHA8_A,1.1593,0.0098
TFPI2,EPHA8_A,1.9905,0
hCG_1776018,EPHA8_A,2.4416,0.0217
BTBD11,CIT_A,1.2079,0.0286
C20orf103,CIT_R,0.6882,0.0042
EFNB2,CIT_R,0.6699,0.0284
GAL,CIT_R,0.7986,0
GAPDH,CIT_A,1.1026,0.0047
HIST1H2AC,CIT_R,0.8945,0.0248
HIST1H2BG,CIT_R,0.8673,0
HIST2H2AA4,CIT_R,0.8309,0
ICA1,CIT_R,0.8697,0.0279
ISLR,CIT_R,0.7573,0.0089
LPXN,CIT_R,0,0.0417
MAB21L1,CIT_A,1.4353,0
PDZRN3,CIT_R,0.8116,0.0231
PGAM1,CIT_R,0.6144,0
PPM1D,CIT_A,1.1924,0.0231
PTPRE,CIT_R,0.5467,0.0279
RAMP1,CIT_R,0.7112,0
hCG_1776018,CIT_R,0,0.0017
C6orf176,ACVR1_A,1.3483,0
CRH,ACVR1_R,0.6538,0
CRISPLD1,ACVR1_A,1.4156,0.0085
EFNB2,ACVR1_A,1.684,0
FAM89A,ACVR1_A,2.0573,0
GAL,ACVR1_A,1.2857,0
KIAA1211,ACVR1_A,1.1551,0.0331
LDHA,ACVR1_R,0.8759,0
MYCN,ACVR1_A,1.3695,0.0173
PRKCA,ACVR1_A,1.5596,0
PTPRD,ACVR1_A,1.352,0
RAMP1,ACVR1_A,1.4889,0
RFK,ACVR1_R,0.8211,0.0317
RND3,ACVR1_A,1.4279,0
SC4MOL,ACVR1_A,8.9792E+11,0
CDCA7,SRP72_R,0.7701,0.0381
CRH,SRP72_A,1.1977,0
DUSP5,SRP72_A,1.1386,0.0066
HIST1H2AC,SRP72_R,0.8487,0
HIST1H2BG,SRP72_R,0.8483,0
HIST2H2AA4,SRP72_R,0.7985,0
LDHA,SRP72_R,0.8376,0
OSTM1,SRP72_A,1.308,0.009
PGAM1,SRP72_R,0.7325,0
PPFIBP2,SRP72_A,1.2815,0.0381
SAMSN1,SRP72_A,1.7129,0.0381
SC4MOL,SRP72_A,7.22572E+11,0
SESN3,SRP72_A,1.1891,0.0114
STARD4,SRP72_A,1.1786,0.0019
VGF,SRP72_A,1.4285,0
BTBD11,EIF2AK1NM_014413_A,1.3168,0
C4orf43,EIF2AK1NM_014413_R,0,0.0117
C6orf176,EIF2AK1NM_014413_R,0.7462,0.0074
CRH,EIF2AK1NM_014413_A,1.2405,0
DUSP5,EIF2AK1NM_014413_A,1.1486,0.0048
HIST2H2AA4,EIF2AK1NM_014413_R,0.8686,0
MAB21L1,EIF2AK1NM_014413_A,1.1351,0.0185
PRKCA,EIF2AK1NM_014413_R,0.7081,0.0316
SC4MOL,EIF2AK1NM_014413_A,1.59034E+12,0
SPRY4,EIF2AK1NM_014413_R,0.7947,0.0033
BTBD11,MAP3K3_A,1.2589,0.0037
C4orf43,MAP3K3_R,0,0.0067
C6orf176,MAP3K3_R,0.5855,0
CRH,MAP3K3_R,0.8483,0
GAL,MAP3K3_R,0.8799,0.0348
HIST1H2BG,MAP3K3_R,0.8385,0
HIST2H2AA4,MAP3K3_R,0.8401,0
HIST3H2A,MAP3K3_R,0.8225,0.0119
LDHA,MAP3K3_R,0.8915,0.0039
LOC441046,MAP3K3_R,0,0
RAMP1,MAP3K3_R,0.7495,0
RFX3,MAP3K3_R,0,0
RGS8,MAP3K3_R,0,0.0012
RPS18,MAP3K3_A,1.1291,0
STARD4,MAP3K3_A,1.1908,0.0012
TFPI2,MAP3K3_R,0.4716,0.0065
BTBD11,PBKTOPK_A,1.5186,0
C20orf103,PBKTOPK_A,1.4355,0
CRH,PBKTOPK_A,1.2364,0
DUSP5,PBKTOPK_A,1.1435,0.0276
FAM89A,PBKTOPK_A,1.532,0.0267
HIST1H2BG,PBKTOPK_R,0.7922,0
HIST2H2AA4,PBKTOPK_R,0.8465,0
LDHA,PBKTOPK_R,0.8785,0.0077
RND3,PBKTOPK_A,1.2633,0.0077
SC4MOL,PBKTOPK_A,5.79833E+11,0
CRH,CDK5_A,1.1152,0.0437
GAPDH,CDK5_A,1.0859,0.0437
MAB21L1,CDK5_R,0.8756,0.0437
RFK,CDK5_A,1.216,0.0437
TUBB2A,CDK5_R,0.7935,0.0018
CRH,STK38_A,1.3018,0
FLJ35024,STK38_R,0.6202,0.0047
GRIA2,STK38_R,0.5448,0.0023
ICA1,STK38_R,0.7886,0
RFK,STK38_R,0.6123,0
SC4MOL,STK38_A,7.49979E+11,0
ADM,ABL1_A,1.5455,0.0444
BTBD11,ABL1_A,1.2037,0.0374
C6orf176,ABL1_R,0.5918,0
CDCA7,ABL1_R,0.6533,0
CRH,ABL1_R,0.8985,0.0358
DUSP5,ABL1_A,1.1608,0.0022
GAL,ABL1_R,0.8337,0
HDAC5,ABL1_A,1.2287,0.0358
HIST1H2AC,ABL1_R,0.859,0
HIST1H2BG,ABL1_R,0.7154,0
HIST2H2AA4,ABL1_R,0.7031,0
HIST3H2A,ABL1_R,0.784,0.001
ICA1,ABL1_A,1.218,0
KIAA1211,ABL1_R,0.8589,0.0435
LDHA,ABL1_R,0.8017,0
LGR5,ABL1_R,0.7697,0.046
MAB21L1,ABL1_A,1.1726,0.0014
NDRG1,ABL1_A,1.6501,0
RPS18,ABL1_A,1.1817,0
SESN3,ABL1_A,1.3379,0
TUBB6,ABL1_R,0.7075,0.0358
BTBD11,PLK4_R,0.8042,0.0276
CRH,PLK4_A,1.2084,0
HIST1H2BG,PLK4_R,0.7979,0
HIST2H2AA4,PLK4_R,0.8498,0
KIAA1211,PLK4_R,0.8371,0.0145
LDHA,PLK4_R,0.7943,0
LGR5,PLK4_A,1.5136,0
RPS18,PLK4_A,1.0766,0.0276
SC4MOL,PLK4_A,4.51714E+11,0
SPRY2,PLK4_A,1.1312,0.0215
SPRY4,PLK4_R,0.8241,0.0216
BTBD11,MAPK3_A,1.4646,0
CRH,MAPK3_A,1.2899,0
GAL,MAPK3_R,0.8581,0.0315
SC4MOL,MAPK3_A,6.12416E+11,0
GAL,PMVK_R,0.7291,0
GDF15,PMVK_A,2.1576,0.0374
HK2,PMVK_R,0.8148,0.0397
HPRT1,PMVK_R,0.8092,0.0115
ICAM2,PMVK_R,0,0
IGFBP5,PMVK_A,1.6895,0.0374
ISLR,PMVK_A,1.4089,0
KIAA1211,PMVK_A,1.1956,0.0139
LDHA,PMVK_R,0.8899,0.0364
NDRG1,PMVK_A,1.4372,0.0155
PDZRN3,PMVK_A,1.3386,0
PGAM1,PMVK_R,0.7543,0
PPFIBP2,PMVK_R,0.753,0.0397
PTPRD,PMVK_A,1.2639,0.0364
RAMP1,PMVK_R,0.7654,0.0058
SPRY4,PMVK_R,0.6923,0
BTBD11,SRPK1_A,1.307,0
C6orf176,SRPK1_A,1.4355,0
CRH,SRPK1_A,1.3839,0
HIST2H2AA4,SRPK1_R,0.9131,0.0042
IGDCC3,SRPK1_A,2.4214,0
LDHA,SRPK1_R,0.8856,0.0011
POLR2D,SRPK1_R,0.8363,0.0018
RFK,SRPK1_R,0.7276,0
SC4MOL,SRPK1_A,7.85064E+11,0
SH3BP5,SRPK1_R,0.7235,0.0036
SPRY4,SRPK1_A,1.1756,0.0462
TFPI2,SRPK1_A,2.2127,0
CRH,SGK493NM_138370_A,1.3303,0
PGAM1,SGK493NM_138370_R,0.8752,0.027
SC4MOL,SGK493NM_138370_A,9.47786E+11,0
STARD4,SGK493NM_138370_R,0.8354,0.0086
C20orf103,CDK9_R,0.7443,0.0415
C6orf176,CDK9_R,0.7545,0.013
DUSP5,CDK9_A,1.2152,0
GAL,CDK9_R,0.8505,0.0136
HIST1H2BG,CDK9_R,0.8929,0.0441
IGDCC3,CDK9_R,0,0
LDHA,CDK9_R,0.8753,0.0086
LPXN,CDK9_R,0,0.0468
PGAM1,CDK9_R,0.8476,0.0034
RFK,CDK9_R,0.6423,0
RFX3,CDK9_R,0,0
SC4MOL,CDK9_A,6.17767E+11,0
SPRY2,CDK9_A,1.1341,0.0468
SPRY4,CDK9_R,0.7373,0
YPEL4,CDK9_R,0,0
ZNF536,CDK9_R,0,0
BTBD11,RAGE_A,1.4755,0
C20orf103,RAGE_A,1.528,0
FLJ35024,RAGE_R,0.6333,0.0054
LDHA,RAGE_R,0.8953,0.0058
NME1,RAGE_A,1.1098,0.0058
RND3,RAGE_A,1.2649,0.0048
SC4MOL,RAGE_A,5.66587E+11,0
SESN3,RAGE_R,0.8421,0.038
SPRY4,RAGE_A,1.3327,0
CCDC68,ACVR2ANM_001616_A,1.4982,0.0037
CRH,ACVR2ANM_001616_R,0.7476,0
GAL,ACVR2ANM_001616_A,1.1618,0.0242
GRIA2,ACVR2ANM_001616_A,1.4419,0.0387
ISLR,ACVR2ANM_001616_R,0.7013,0
PI15,ACVR2ANM_001616_A,1.4802,0.0348
RAMP1,ACVR2ANM_001616_A,1.4678,0
SPRY4,ACVR2ANM_001616_R,0.8207,0.0348
ANO1,TTK_A,1.8842,0.0246
BAALC,TTK_A,1.5586,0.0271
BTBD11,TTK_A,1.5081,0
C4orf43,TTK_R,0,0.0067
CDCA7,TTK_R,0.7757,0.0271
CRH,TTK_A,1.5596,0
DOCK9,TTK_A,1.9886,0.035
DUSP4,TTK_A,1.24,0.0271
FLJ35024,TTK_R,0.6555,0.0068
GAL,TTK_A,1.17,0.0028
GDF15,TTK_A,3.5972,0
GRIA2,TTK_R,0.6457,0.0225
GTF2H2,TTK_R,0.8232,0.0161
HIST1H2AC,TTK_R,0.8011,0
HIST1H2BG,TTK_R,0.8893,0.005
HIST2H2AA4,TTK_R,0.8001,0
HIST3H2A,TTK_R,0.8249,0.012
HPRT1,TTK_R,0.8312,0.0126
ICA1,TTK_R,0.823,0
LPXN,TTK_R,0,0.0271
MEIS2,TTK_R,0.8115,0.0035
PDZRN3,TTK_R,0.8358,0.035
PPFIBP2,TTK_A,1.2942,0.0189
RGS16,TTK_A,1.9916,0.0271
SAMSN1,TTK_A,2.0706,0
SC4MOL,TTK_A,2.85964E+12,0
SPRY4,TTK_A,1.3447,0
STARD4,TTK_A,1.1667,0.0067
VGF,TTK_A,2.2045,0
VLDLR,TTK_R,0.7973,0.0271
BEGAIN,PAK4_A,1.2841,0.0054
BTBD11,PAK4_A,1.2293,0.0101
CDCA7,PAK4_R,0.6438,0
CRH,PAK4_A,1.2761,0
DUSP5,PAK4_A,1.1136,0.0457
FAM89A,PAK4_A,1.5403,0.0081
GAL,PAK4_A,1.146,0.0101
HIST1H2AC,PAK4_R,0.847,0
HIST1H2BG,PAK4_R,0.7904,0
HIST2H2AA4,PAK4_R,0.7626,0
HIST3H2A,PAK4_R,0.8113,0.0054
LDHA,PAK4_R,0.8626,0
MEIS2,PAK4_R,0.8425,0.0187
NAV2,PAK4_A,1.2956,0
PDZRN3,PAK4_R,0.7453,0
PPFIBP2,PAK4_A,1.3286,0.007
PPP1R16B,PAK4_A,1.4232,0.0031
RAMP1,PAK4_A,1.4936,0
RGS8,PAK4_R,0,0.001
RPS18,PAK4_A,1.1101,0
SC4MOL,PAK4_A,8.58317E+11,0
SPRY4,PAK4_A,1.2079,0.007
TUBB2A,PAK4_A,1.1779,0.0089
VGF,PAK4_A,1.3792,0.0041
BEGAIN,PLK2_A,1.2118,0.0473
C20orf103,PLK2_R,0.7422,0.0214
C6orf176,PLK2_A,2.2318,0
CRB2,PLK2_R,0.5386,0
CRH,PLK2_A,1.1421,0.001
DSE,PLK2_R,0.6585,0.0473
FLJ35024,PLK2_R,0.7037,0.023
FMN1,PLK2_A,1.3551,0.023
GAL,PLK2_R,0.876,0.0184
HDAC5,PLK2_R,0.7786,0.0088
ICA1,PLK2_R,0.8277,0
LOC399959,PLK2_A,1.4579,0.0383
LOC645722,PLK2_R,0.7102,0.0297
MBNL2,PLK2_R,0.7786,0.0088
MEIS2,PLK2_R,0.8606,0.0478
PPP1R13B,PLK2_R,0.6951,0.0088
PRKCA,PLK2_A,1.5275,0
PTPRD,PLK2_A,1.4654,0
RFK,PLK2_R,0.7248,0
SC4MOL,PLK2_A,1.95596E+12,0
SESN3,PLK2_R,0.8062,0.0018
SPRY2,PLK2_A,1.1068,0.0473
SPRY4,PLK2_A,1.2866,0
TFPI2,PLK2_A,3.2195,0
TNFRSF21,PLK2_A,1.2632,0.0048
TRAM1L1,PLK2_R,0.7386,0.0084
CRH,EPHB2_A,1.2037,0
LDHA,EPHB2_R,0.8422,0
RGS16,EPHB2_R,0,0
SC4MOL,EPHB2_A,6.86229E+11,0
BAALC,CSNK1A1_A,2.1777,0
BCL11B,CSNK1A1_R,0.5918,0.019
BTBD11,CSNK1A1_A,1.306,0
C20orf19,CSNK1A1_A,1.4532,0.0062
CDCA7,CSNK1A1_R,0.6847,0
CRH,CSNK1A1_R,0.7159,0
CRISPLD1,CSNK1A1_A,1.4083,0.0066
DUSP4,CSNK1A1_A,1.4082,0
DUSP5,CSNK1A1_A,1.1496,0.0066
ETV1,CSNK1A1_A,1.5464,0.0208
FAM84B,CSNK1A1_A,1.9761,0.0015
GRIA2,CSNK1A1_A,1.6882,0
HIST1H2BG,CSNK1A1_R,0.826,0
HIST2H2AA4,CSNK1A1_R,0.8232,0
HIST3H2A,CSNK1A1_R,0.8415,0.0248
HPRT1,CSNK1A1_R,0.7981,0.0017
ICA1,CSNK1A1_A,1.1369,0.0316
IGDCC3,CSNK1A1_A,2.6899,0
LDHA,CSNK1A1_R,0.8308,0
MAB21L1,CSNK1A1_A,1.1887,0
MYCN,CSNK1A1_A,1.318,0.0333
NME1,CSNK1A1_A,1.0958,0.0406
OSTM1,CSNK1A1_R,0.7634,0.019
P2RY12,CSNK1A1_A,66136607832,0.0145
PCDH20,CSNK1A1_A,1.9306,0
PI15,CSNK1A1_A,1.4002,0.0406
PPM1D,CSNK1A1_A,1.2367,0.0019
PPP1R16B,CSNK1A1_R,0.7288,0.0293
RAMP1,CSNK1A1_R,0.6814,0
RLBP1L1,CSNK1A1_A,1.4104,0.0447
RND3,CSNK1A1_A,1.3248,0
SC4MOL,CSNK1A1_A,4.55607E+11,0
SH3BP5,CSNK1A1_R,0.7755,0.0208
SPRY2,CSNK1A1_A,1.1678,0.0016
TFPI2,CSNK1A1_A,2.222,0
TNFRSF21,CSNK1A1_A,1.2508,0.0085
VLDLR,CSNK1A1_R,0.7288,0.001
ZC3H6,CSNK1A1_R,0,0.0406
CYP1B1,JAK1_R,0,0
HIST1H2BG,JAK1_R,0.7984,0
LDHA,JAK1_R,0.8592,0.0337
BTBD11,CRKL_A,1.3407,0
LDHA,CRKL_R,0.7844,0
RFK,CRKL_R,0.7923,0.0466
CRB2,MAPKAPK2_R,0.637,0.0191
CRH,MAPKAPK2_A,1.1081,0.0465
DUSP4,MAPKAPK2_A,1.6644,0
FAM84B,MAPKAPK2_A,2.1751,0
LDHA,MAPKAPK2_R,0.8307,0
LPXN,MAPKAPK2_R,0,0.0427
MAB21L1,MAPKAPK2_A,1.1457,0.0191
SC4MOL,MAPKAPK2_A,6.25492E+11,0
SPRY2,MAPKAPK2_A,1.1236,0.0427
VLDLR,MAPKAPK2_R,0.7747,0.0242
CRH,MAP2K3_R,0.8281,0
LGR5,MAP2K3_R,0.7429,0.0292
PGAM1,MAP2K3_A,1.2295,0
PTPRD,MAP2K3_A,1.27,0.0283
RGS8,MAP2K3_R,0,0.001
SC4MOL,MAP2K3_A,9.20579E+11,0
SH3BP5,MAP2K3_R,0.6797,0
STARD4,MAP2K3_R,0.7424,0
CRH,MAP3K12_A,1.1889,0.0101
HIST1H2BG,MAP3K12_R,0.7772,0
HIST2H2AA4,MAP3K12_R,0.7789,0
NAV2,MAP3K12_A,1.2561,0.0206
OSTM1,MAP3K12_A,1.3115,0.0467
SPRY4,MAP3K12_A,1.3228,0
C20orf103,STK25_R,0.6283,0
CRH,STK25_R,0.8526,0
DUSP5,STK25_A,1.1587,0
FAM89A,STK25_A,1.4942,0.0198
GRIA2,STK25_A,1.5839,0
MAB21L1,STK25_A,1.1618,0.0011
MBNL2,STK25_A,1.4064,0
PPFIBP2,STK25_A,1.3636,0.0017
RND3,STK25_A,1.4875,0
RPS18,STK25_R,0.9258,0.0049
SC4MOL,STK25_A,1.92427E+12,0
SESN3,STK25_R,0.6396,0
SH3BP5,STK25_A,1.4234,0
STARD4,STK25_A,1.241,0
TUBB2A,STK25_A,1.2504,0
VLDLR,STK25_R,0.731,0
APCDD1,BUB1_A,1.7211,0.0442
BCL11B,BUB1_A,1.6835,0.002
CTDSP2,BUB1_A,1.1851,0.0442
DUSP5,BUB1_A,1.159,0.002
FAM89A,BUB1_A,1.7047,0
GAPDH,BUB1_R,0.5609,0
OSTM1,BUB1_A,1.343,0.0022
PPFIBP2,BUB1_A,1.3143,0.0146
SEC61G,BUB1_A,1.1586,0.049
SH3BP5,BUB1_A,1.3386,0.002
TFPI2,BUB1_R,0.566,0.0499
TUBB6,BUB1_A,1.5159,0
UBC,BUB1_A,1.1,0.002
BTBD11,FGFR3_A,1.3137,0
C6orf176,FGFR3_A,1.704,0
DUSP4,FGFR3_A,1.2823,0.0072
FAM89A,FGFR3_A,1.5923,0.0041
FMN1,FGFR3_A,1.3197,0.0457
GAL,FGFR3_A,1.3257,0
GRIA2,FGFR3_A,1.4989,0.0047
HIST2H2AA4,FGFR3_R,0.8525,0
KLHDC2,FGFR3_R,0.7629,0.0014
MBNL2,FGFR3_A,1.2677,0.0041
PDE7B,FGFR3_A,1.7864,0.0062
PDZRN3,FGFR3_R,0.7856,0.0022
PI15,FGFR3_A,1.4145,0.044
PPFIBP2,FGFR3_A,1.2556,0.0457
RAMP1,FGFR3_A,1.4075,0
RFK,FGFR3_A,1.5842,0
RND3,FGFR3_A,1.1853,0.0467
SC4MOL,FGFR3_A,2.34214E+12,0
SPRED2,FGFR3_R,0.7713,0.0083
SPRY2,FGFR3_R,0.9012,0.044
TFPI2,FGFR3_A,2.8531,0
VGF,FGFR3_A,1.5474,0
BTBD11,NRBP2_R,0.7325,0
C6orf176,NRBP2_R,0.6976,0
CRH,NRBP2_R,0.8499,0
FRZB,NRBP2_A,1.3597,0.018
GRIA2,NRBP2_A,1.426,0.0314
HIST1H2BG,NRBP2_R,0.8156,0
HIST2H2AA4,NRBP2_R,0.906,0.0175
HK2,NRBP2_R,0.8027,0.018
IGFBP5,NRBP2_A,1.7399,0.018
LDHA,NRBP2_R,0.8194,0
NR3C1,NRBP2_A,1.5657,0.018
RGS8,NRBP2_R,0,0.002
SH3BP5,NRBP2_A,1.2721,0.0286
TUBB2A,NRBP2_R,0.8341,0.0178
SC4MOL,RLuc_A,2.12357E+12,0
BRI3BP,LYN_R,0.7316,0
C6orf176,LYN_R,0.6083,0
CRH,LYN_R,0.8854,0.0073
DUSP5,LYN_A,1.2028,0
GAL,LYN_R,0.7852,0
GRIA2,LYN_A,1.5912,0
HIST1H2BG,LYN_A,1.1309,0.0016
HK2,LYN_R,0.7621,0.001
HPRT1,LYN_R,0.8201,0.0067
LDHA,LYN_R,0.7639,0
MAB21L1,LYN_R,0.8548,0.0029
NAV2,LYN_R,0.8234,0.0208
NME1,LYN_R,0.8559,0
PI15,LYN_A,1.4347,0.0376
POLR2D,LYN_R,0.8067,0
RFK,LYN_A,1.2008,0.0235
SPRY2,LYN_R,0.8422,0
UBC,LYN_A,1.0958,0.0035
CRH,PRKAR1A_R,0.8646,0
DUSP5,PRKAR1A_A,1.1241,0.0277
FAM89A,PRKAR1A_A,1.6303,0.0033
GAL,PRKAR1A_R,0.8239,0
ISLR,PRKAR1A_A,1.2529,0.0246
LDHA,PRKAR1A_R,0.8457,0
MAB21L1,PRKAR1A_A,1.1254,0.0334
RFK,PRKAR1A_R,0.8201,0.0334
RGS8,PRKAR1A_R,0,0.0024
SC4MOL,PRKAR1A_A,8.09191E+11,0
SPRY4,PRKAR1A_R,0.8044,0.0049
BTBD11,CSNK1G2_A,1.2299,0.0218
C6orf176,CSNK1G2_R,0.6629,0
CRH,CSNK1G2_A,1.2717,0
DUSP4,CSNK1G2_A,1.4711,0
DUSP5,CSNK1G2_A,1.1761,0
LDHA,CSNK1G2_R,0.7922,0
LGR5,CSNK1G2_R,0.7164,0.01
PPFIBP2,CSNK1G2_A,1.3946,0.0014
SPRY4,CSNK1G2_A,1.3367,0
BTBD11,CASK_R,0.6804,0
HIST2H2AA4,CASK_A,1.1636,0
RGS8,CASK_R,0,0.0012
SH3BP5,CASK_R,0.759,0.0329
SPRY4,CASK_R,0.7344,0
STARD4,CASK_R,0.7711,0
CRH,STK36_A,1.16,0.002
LDHA,STK36_R,0.8685,0.002
NR3C1,STK36_A,1.7113,0.0043
RAMP1,STK36_A,1.2649,0.0082
CRH,CSNK2A1_R,0.7239,0
SC4MOL,CSNK2A1_A,4.62161E+11,0
BRI3BP,BMPR2_R,0.7914,0.021
C6orf176,BMPR2_R,0.7322,0.0018
CRH,BMPR2_A,1.2035,0
GAL,BMPR2_R,0.837,0
HIST2H2AA4,BMPR2_R,0.8677,0
LDHA,BMPR2_R,0.8873,0.0012
PCDH20,BMPR2_R,0,0
RAMP1,BMPR2_R,0.6965,0
SC4MOL,BMPR2_A,6.24781E+11,0
SPRY2,BMPR2_A,1.186,0
SPRY4,BMPR2_A,1.1792,0.0378
DUSP4,MVK_R,0.7245,0.0044
GAL,MVK_R,0.8053,0
SC4MOL,MVK_A,1.73095E+12,0
hCG_1776018,MVK_R,0,0.0039
BAALC,SLK_A,1.7063,0.0061
BEGAIN,SLK_R,0.6247,0
C6orf176,SLK_R,0.6336,0
CCDC68,SLK_R,0.6927,0.037
ESRRG,SLK_A,2.9173,0
FRZB,SLK_A,1.5266,0
GAL,SLK_R,0.6046,0
HIST1H2BG,SLK_R,0.886,0.0063
HIST2H2AA4,SLK_R,0.8945,0.0028
HK2,SLK_R,0.6634,0
LDHA,SLK_R,0.8037,0
MAB21L1,SLK_A,1.3415,0
RAMP1,SLK_R,0.5181,0
SC4MOL,SLK_A,4.49413E+11,0
SPRY4,SLK_R,0.8238,0.0182
TFPI2,SLK_R,0.3322,0
TRAM1L1,SLK_A,1.4875,0
CRH,AKT1_A,1.166,0
CRISPLD1,AKT1_A,1.4332,0.0074
GRIA2,AKT1_R,0.6465,0.0254
HIST2H2AA4,AKT1_A,1.0815,0.0112
ICA1,AKT1_R,0.719,0
LDHA,AKT1_A,1.1173,0.002
MAB21L1,AKT1_A,1.1236,0.029
MEIS2,AKT1_R,0.8086,0.0034
SC4MOL,AKT1_A,3.28351E+12,0
SPRY2,AKT1_R,0.8805,0.0112
SPRY4,AKT1_A,1.2013,0.0112
AK3L1,MAP4K5_R,0.7256,0.0165
BAALC,MAP4K5_A,1.5657,0.0314
BEGAIN,MAP4K5_R,0.7912,0.0285
CRISPLD1,MAP4K5_A,1.3229,0.0431
DUSP5,MAP4K5_A,1.1861,0
ESRRG,MAP4K5_A,2.2551,0.0185
GAL,MAP4K5_R,0.6837,0
GRIA2,MAP4K5_A,1.4144,0.0311
HIST1H2AC,MAP4K5_R,0.9035,0.0313
HIST1H2BG,MAP4K5_R,0.8572,0
HIST2H2AA4,MAP4K5_R,0.8099,0
HK2,MAP4K5_R,0.7115,0
HPRT1,MAP4K5_R,0.8314,0.0157
LDHA,MAP4K5_R,0.7505,0
LOC399959,MAP4K5_A,1.4984,0.0216
MAB21L1,MAP4K5_A,1.1615,0.003
MYCN,MAP4K5_R,0.7028,0.0185
PTPRD,MAP4K5_A,1.3237,0.0029
RAMP1,MAP4K5_R,0.7718,0.003
RFK,MAP4K5_A,1.2495,0.003
RGS8,MAP4K5_R,0,0.0015
RPS18,MAP4K5_A,1.133,0
SAMSN1,MAP4K5_A,1.8623,0.0095
SLIT2,MAP4K5_A,1.7981,0.0267
TNFRSF21,MAP4K5_R,0.8053,0.0267
TRAM1L1,MAP4K5_A,1.2831,0.0185
AK3L1,FER_R,0.6889,0.0017
BAALC,FER_A,1.5872,0.0191
BTBD11,FER_A,1.3399,0
C6orf176,FER_R,0.7938,0.0197
CCDC68,FER_R,0.6027,0
CDCA7,FER_R,0.7503,0.0067
CRH,FER_A,1.1252,0.0035
CTDSP2,FER_R,0.7828,0.0011
DUSP5,FER_A,1.227,0
ESRRG,FER_A,3.8965,0
GAL,FER_R,0.7736,0
HDAC5,FER_A,1.2843,0.0017
HIST1H2AC,FER_R,0.8559,0
HIST1H2BG,FER_R,0.8213,0
HIST2H2AA4,FER_R,0.7519,0
HIST3H2A,FER_R,0.8171,0.0044
HK2,FER_R,0.7828,0.0017
HPRT1,FER_R,0.7967,0
IGDCC3,FER_A,1.7182,0.0463
LDHA,FER_R,0.8467,0
LOC399959,FER_A,1.5689,0.0044
MAB21L1,FER_A,1.1588,0.0017
MID1,FER_A,1.4402,0.0012
NDRG1,FER_A,1.3839,0.0191
OSTM1,FER_A,1.2514,0.0212
PGAM1,FER_R,0.8993,0.0247
PPFIBP2,FER_A,1.5665,0
PTPRD,FER_A,1.3628,0
RAMP1,FER_R,0.5294,0
RFK,FER_R,0.7799,0.0013
RPS18,FER_A,1.0919,0.0018
SESN3,FER_A,1.3353,0
SH3BP5,FER_R,0.7111,0.0011
SLIT2,FER_A,2.6579,0
SPRY2,FER_A,1.1702,0
TFPI2,FER_R,0.5494,0.0191
TIMM17A,FER_R,0.8212,0.0223
TRAM1L1,FER_A,1.2983,0.0054
TUBB6,FER_R,0.7021,0.0154
ZC3H6,FER_R,0,0.038
C4orf34,AAK1_R,0.6303,0.0232
CRH,AAK1_A,1.5628,0
CRISPLD1,AAK1_A,1.4247,0.0092
DOCK9,AAK1_A,2.4652,0.002
EFNB2,AAK1_A,1.6015,0
FAM84B,AAK1_A,3.3353,0
GAL,AAK1_R,0.8076,0
HIST1H2BG,AAK1_R,0.8759,0.0106
HIST2H2AA4,AAK1_R,0.8479,0
HK2,AAK1_A,1.2095,0.0363
PPFIBP2,AAK1_A,1.3522,0.006
PTPRD,AAK1_A,1.3634,0
RAMP1,AAK1_R,0.6699,0
RND3,AAK1_A,1.3109,0
SLIT2,AAK1_A,2.0353,0.0026
SPRY2,AAK1_A,1.2461,0
STARD4,AAK1_A,1.2099,0.002
ZC3H6,AAK1_R,0,0.0414
C6orf176,CHUK_A,1.3978,0
GAL,CHUK_R,0.8491,0.0192
HIST1H2BG,CHUK_A,1.1641,0.0025
HIST2H2AA4,CHUK_A,1.1827,0
LGR5,CHUK_R,0.6571,0
LPXN,CHUK_R,0,0.0467
PPFIBP2,CHUK_R,0.6873,0.0036
PTPRD,CHUK_A,1.2576,0.0477
SPRY4,CHUK_R,0.7486,0
BEGAIN,MAPK6_R,0.7331,0.0021
CRH,MAPK6_R,0.594,0
CYP1B1,MAPK6_A,2.1484,0.0284
GAL,MAPK6_R,0.8532,0.0064
HIST1H2BG,MAPK6_A,1.2197,0
HIST2H2AA4,MAPK6_A,1.0901,0.0253
HPRT1,MAPK6_R,0.8221,0.0105
IGDCC3,MAPK6_A,2.1508,0.0017
LOC399959,MAPK6_A,1.5373,0.0168
MAB21L1,MAPK6_A,1.1781,0.0017
MAFF,MAPK6_R,0,0
PCDH20,MAPK6_A,1.7396,0.0014
PPM1D,MAPK6_A,1.1857,0.0247
RAMP1,MAPK6_R,0.7928,0.0108
RND3,MAPK6_A,1.2191,0.022
SC4MOL,MAPK6_A,1.94678E+12,0
SH3BP5,MAPK6_A,1.279,0.0168
SPRY4,MAPK6_R,0.8036,0.0058
C6orf176,CDK7_R,0.5284,0
CRH,CDK7_R,0.7272,0
HIST1H2BG,CDK7_R,0.7764,0.0026
LDHA,CDK7_R,0.8138,0.0301
TFPI2,CDK7_R,0.4176,0.0048
CRH,TBK1_A,1.2752,0
DUSP4,TBK1_A,1.3324,0.0029
HIST2H2AA4,TBK1_R,0.9112,0.0179
HPRT1,TBK1_R,0.7598,0
HSPE1,TBK1_R,0,0
LGR5,TBK1_R,0.7056,0.005
OSTM1,TBK1_R,0.7557,0.0308
SC4MOL,TBK1_A,7.18437E+11,0
hCG_1776018,TBK1_R,0,0.0012
DUSP4,GRK6_A,1.3829,0
DUSP5,GRK6_A,1.1982,0
GAL,GRK6_A,1.1951,0.0019
HIST1H2BG,GRK6_R,0.8729,0.0036
LDHA,GRK6_R,0.8492,0
RGS8,GRK6_R,0,0.002
SC4MOL,GRK6_A,5.87998E+11,0
SH3BP5,GRK6_R,0.7169,0.0036
CRH,BMPR1A_R,0.7536,0
GAL,BMPR1A_R,0.8148,0.0014
GAPDH,BMPR1A_A,1.1449,0.0024
HIST1H2BG,BMPR1A_R,0.7178,0
LDHA,BMPR1A_R,0.8533,0.0015
PPFIBP2,BMPR1A_R,0.724,0.0245
SPRY4,BMPR1A_R,0.7862,0.0046
STARD4,BMPR1A_R,0.7554,0
TUBB2A,BMPR1A_R,0.8242,0.0175
BTBD11,MAP2K5_A,1.3794,0.004
CRH,MAP2K5_A,1.4073,0
HIST1H2BG,MAP2K5_R,0.8153,0.0442
ME1,MAP2K5_R,0,0
OSTM1,MAP2K5_R,0.6144,0
RND3,MAP2K5_A,1.3449,0.0131
hCG_1776018,MAP2K5_R,0,0.0016
BEGAIN,PDK2_R,0.7269,0.0019
C20orf103,PDK2_R,0.7258,0.0267
CRH,PDK2_A,1.1857,0
MAB21L1,PDK2_A,1.1431,0.0084
SC4MOL,PDK2_A,2.20649E+12,0
SH3BP5,PDK2_A,1.4141,0
SPRY4,PDK2_R,0.7366,0
AK3L1,AKT3_R,0.7572,0.0472
BRI3BP,AKT3_R,0.6919,0
C6orf176,AKT3_R,0.6179,0
CRH,AKT3_A,1.1508,0.0013
DUSP5,AKT3_A,1.1574,0.0036
GAL,AKT3_R,0.7787,0
HIST1H2BG,AKT3_R,0.8475,0
HIST2H2AA4,AKT3_R,0.803,0
HIST3H2A,AKT3_R,0.8061,0.0039
HPRT1,AKT3_R,0.8186,0.007
LDHA,AKT3_R,0.78,0
MAB21L1,AKT3_A,1.1523,0.007
OSTM1,AKT3_R,0.6673,0
PPFIBP2,AKT3_A,1.3484,0.0039
RAMP1,AKT3_R,0.7356,0
RPS18,AKT3_A,1.11,0.0013
SC4MOL,AKT3_A,9.14417E+11,0
SESN3,AKT3_A,1.1722,0.0334
SPRY2,AKT3_A,1.1756,0
STARD4,AKT3_R,0.7753,0
ADM,TAE_24h_A,4.945,0
APCDD1,TAE_24h_A,3.9466,0
ATP10D,TAE_24h_A,1.4229,0.007
AUH,TAE_24h_A,1.6328,0
BAALC,TAE_24h_R,0.5634,0.0072
BCL11B,TAE_24h_A,2.1982,0
BEGAIN,TAE_24h_R,0.494,0
BRI3BP,TAE_24h_R,0.8574,0.0473
BTBD11,TAE_24h_R,0.2132,0
BYSL,TAE_24h_R,0.7956,0.0025
C11orf75,TAE_24h_R,0.4443,0
C20orf103,TAE_24h_R,0.2354,0
C20orf19,TAE_24h_A,1.3752,0.0089
C4orf34,TAE_24h_A,1.7158,0
C6orf176,TAE_24h_R,0.2121,0
C7orf40,TAE_24h_R,0.7624,0.0016
CDCA7,TAE_24h_R,0.5775,0
CHIC2,TAE_24h_A,1.2959,0.0376
CIR1,TAE_24h_A,1.3018,0.0031
CRB2,TAE_24h_A,2.6762,0
CRH,TAE_24h_R,0.5008,0
CRISPLD1,TAE_24h_R,0.6726,0.0024
CTDSP2,TAE_24h_A,1.709,0
CTSF,TAE_24h_A,2.5314,0
CYP1B1,TAE_24h_A,7.3209,0
DCTPP1,TAE_24h_R,0.7106,0.0113
DEPDC6,TAE_24h_A,2.3449,0
DSE,TAE_24h_A,1.4741,0.0054
DUSP4,TAE_24h_R,0.1327,0
DUSP5,TAE_24h_A,1.2914,0
DYM,TAE_24h_A,1.1901,0.0154
EFNB2,TAE_24h_R,0.1783,0
ESRRG,TAE_24h_R,0.2777,0.0068
ETV1,TAE_24h_R,0.057,0
FAM117A,TAE_24h_A,1.8002,0.0014
FAM78B,TAE_24h_R,0.6665,0.0162
FAM84B,TAE_24h_R,0,0
FAM89A,TAE_24h_R,0.5227,0
FLJ35024,TAE_24h_A,2.4585,0
FMN1,TAE_24h_A,1.776,0
FRZB,TAE_24h_A,1.4517,0
GAL,TAE_24h_R,0.4737,0
GAS1,TAE_24h_A,1.4302,0.0018
GNPNAT1,TAE_24h_R,0.7207,0.002
GPRASP1,TAE_24h_A,1.6322,0
GRIA2,TAE_24h_A,2.3561,0
HDAC5,TAE_24h_A,1.7578,0
HEBP1,TAE_24h_A,1.7772,0
HIST2H2AA4,TAE_24h_R,0.9018,0
HK2,TAE_24h_R,0.3962,0
HPRT1,TAE_24h_R,0.7788,0
ICA1,TAE_24h_A,1.8726,0
ICAM2,TAE_24h_R,0.4658,0.0333
IGFBP5,TAE_24h_A,3.6352,0
IRAK4,TAE_24h_A,1.9082,0.0033
ISLR,TAE_24h_R,0.6162,0
KIAA0831,TAE_24h_A,1.5197,0
KIAA1211,TAE_24h_A,1.2733,0
KLHDC2,TAE_24h_A,1.441,0
LDHA,TAE_24h_R,0.665,0
LGR5,TAE_24h_R,0.2552,0
LOC399959,TAE_24h_A,2.7655,0
LOC645722,TAE_24h_A,1.5867,0
LRRC8B,TAE_24h_R,0.7536,0.0049
LRRTM2,TAE_24h_A,1.682,0.0018
LZTFL1,TAE_24h_A,1.2811,0.0461
MAB21L1,TAE_24h_A,1.17,0
MAFF,TAE_24h_R,0.5554,0.0056
MBD5,TAE_24h_A,1.7918,0
MBNL2,TAE_24h_A,1.7577,0
MEIS2,TAE_24h_A,1.3006,0
MFSD2,TAE_24h_R,0.4165,0
MID1,TAE_24h_R,0.5173,0
MKKS,TAE_24h_A,1.7702,0.0182
MTHFD1L,TAE_24h_R,0.6171,0
MYCN,TAE_24h_R,0.4342,0
NAV2,TAE_24h_R,0.6986,0
NDRG1,TAE_24h_A,2.1076,0
NME1,TAE_24h_R,0.5318,0
NR3C1,TAE_24h_A,1.4316,0.0196
PCDH20,TAE_24h_A,2.2462,0
PDE7B,TAE_24h_R,0.2468,0
PDZRN3,TAE_24h_A,1.805,0
PFDN2,TAE_24h_R,0.8689,0.0018
PGAM1,TAE_24h_R,0.6805,0
PI15,TAE_24h_R,0.392,0
PLK3,TAE_24h_R,0.577,0.0089
POLR2D,TAE_24h_R,0.8497,0
PPEF1,TAE_24h_R,0.2512,0
PPFIBP2,TAE_24h_R,0.471,0
PPP1R13B,TAE_24h_R,0.6903,0.0018
PPP1R16B,TAE_24h_R,0.6803,0.0016
PRDX4,TAE_24h_R,0.7471,0.0018
PRKCA,TAE_24h_R,0.2128,0
PTPRD,TAE_24h_A,1.9037,0
PTPRE,TAE_24h_R,0.1697,0
PURG,TAE_24h_A,1.3021,0.0032
RAMP1,TAE_24h_R,0.4917,0
RGS16,TAE_24h_R,0.2468,0.0024
RLBP1L1,TAE_24h_R,0.4731,0
RND3,TAE_24h_R,0.2455,0
RPS18,TAE_24h_A,1.1793,0
RRS1,TAE_24h_R,0.6916,0
SAMSN1,TAE_24h_R,0.5214,0.0196
SCYL3,TAE_24h_A,1.4525,0
SEC61G,TAE_24h_R,0.8696,0.015
SESN3,TAE_24h_A,1.3977,0
SH3BP5,TAE_24h_A,1.5289,0
SLIT2,TAE_24h_A,1.6397,0.0283
SNAI2,TAE_24h_A,1.4947,0
SPRED1,TAE_24h_R,0.2344,0
SPRED2,TAE_24h_R,0.2542,0
SPRY2,TAE_24h_R,0.4444,0
SPRY4,TAE_24h_R,0.0459,0
STARD4,TAE_24h_R,0.6124,0
TESK2,TAE_24h_A,2.3903,0
TFPI2,TAE_24h_R,0.2737,0
TLE6,TAE_24h_A,3.9824,0
TNFRSF21,TAE_24h_R,0.7203,0
TRAF3IP2,TAE_24h_R,0.311,0.0112
TRAM1L1,TAE_24h_A,2.0922,0
TRIB1,TAE_24h_R,0.6504,0
TRIB3,TAE_24h_R,0.5169,0
TUBB2A,TAE_24h_R,0.6427,0
TUBB6,TAE_24h_R,0.5149,0
UBC,TAE_24h_A,1.096,0
VGF,TAE_24h_R,0.2285,0
VLDLR,TAE_24h_A,1.6099,0
WDR77,TAE_24h_R,0.8224,0.0246
YPEL3,TAE_24h_A,2.4919,0
YPEL4,TAE_24h_A,2.386,0
ZC3H6,TAE_24h_A,2.4992,0.0283
ZFPM2,TAE_24h_A,1.6106,0.0389
ZNF536,TAE_24h_R,0.196,0.0045
CRH,CHEK2_R,0.8448,0
DUSP4,CHEK2_R,0.7753,0.0393
EFNB2,CHEK2_A,1.3797,0.0393
GAL,CHEK2_R,0.8354,0
HIST1H2BG,CHEK2_A,1.0953,0.0393
HIST2H2AA4,CHEK2_A,1.0775,0.0393
LGR5,CHEK2_R,0.7485,0.0393
RND3,CHEK2_A,1.3545,0
RPS18,CHEK2_R,0.9072,0
SC4MOL,CHEK2_A,8.77087E+11,0
BTBD11,RPS6KC1_A,1.3644,0
C20orf103,RPS6KC1_A,1.3514,0.0099
CRH,RPS6KC1_A,1.1271,0.0135
DCTPP1,RPS6KC1_R,0.5439,0
GAL,RPS6KC1_R,0.7942,0
HPRT1,RPS6KC1_R,0.7386,0
SC4MOL,RPS6KC1_A,9.07678E+11,0
BAALC,TP53RK_A,1.7541,0.008
C6orf176,TP53RK_R,0.7327,0.0195
CDCA7,TP53RK_R,0.7341,0.0299
CRH,TP53RK_A,1.2796,0.0016
GAL,TP53RK_R,0.7481,0.001
GRIA2,TP53RK_A,1.8266,0
HDAC5,TP53RK_A,1.3019,0.0223
HIST1H2BG,TP53RK_R,0.6784,0
HIST2H2AA4,TP53RK_R,0.8027,0.0028
HPRT1,TP53RK_R,0.7306,0.0016
LDHA,TP53RK_R,0.7879,0.0017
MAB21L1,TP53RK_A,1.4263,0
RGS8,TP53RK_R,0,0.0016
SAMSN1,TP53RK_A,1.7616,0.0394
TFPI2,TP53RK_R,0.4271,0.0028
TRIB1,TP53RK_A,1.4791,0.0063
hCG_1776018,TP53RK_R,0,0.0016
CRH,STRADBALS2CR2_A,1.5401,0
GAL,STRADBALS2CR2_R,0.8037,0
HIST2H2AA4,STRADBALS2CR2_R,0.8987,0
HPRT1,STRADBALS2CR2_R,0.8183,0.0064
ICA1,STRADBALS2CR2_A,1.1467,0.0142
NME1,STRADBALS2CR2_R,0.8932,0
OSTM1,STRADBALS2CR2_A,1.377,0
PTPRD,STRADBALS2CR2_A,1.3154,0.0033
SC4MOL,STRADBALS2CR2_A,1.9115E+12,0
TUBB2A,STRADBALS2CR2_A,1.1614,0.0249
BTBD11,TWF1PTK9_A,1.2859,0.0016
KIAA1211,TWF1PTK9_A,1.1762,0.0203
LDHA,TWF1PTK9_R,0.9139,0.039
MAB21L1,TWF1PTK9_A,1.2103,0
PTPRD,TWF1PTK9_A,1.2592,0.039
RND3,TWF1PTK9_A,1.2202,0.039
SC4MOL,TWF1PTK9_A,2.74004E+12,0
ANO1,EPHB6_A,2.4764,0
BAALC,EPHB6_A,1.5742,0.0243
BEGAIN,EPHB6_A,1.2243,0.0404
BTBD11,EPHB6_A,1.7315,0
C20orf19,EPHB6_A,1.357,0.0446
CDCA7,EPHB6_R,0.6356,0
CRH,EPHB6_A,1.2867,0
CYP1B1,EPHB6_R,0,0
DSE,EPHB6_R,0.6442,0.0396
DUSP4,EPHB6_A,1.454,0
DUSP5,EPHB6_A,1.208,0
EFCAB2,EPHB6_R,0,0
FAM89A,EPHB6_A,1.7303,0
GAL,EPHB6_A,1.212,0
GDF15,EPHB6_A,2.7539,0
HIST1H2AC,EPHB6_R,0.7338,0
HIST1H2BG,EPHB6_R,0.6332,0
HIST2H2AA4,EPHB6_R,0.6025,0
HIST3H2A,EPHB6_R,0.6619,0
HPRT1,EPHB6_R,0.8556,0.0498
ICAM2,EPHB6_A,1.8193,0.0396
IGDCC3,EPHB6_A,2.7758,0
LDHA,EPHB6_R,0.8269,0
LPXN,EPHB6_R,0,0.025
LRRC8B,EPHB6_R,0.7012,0.0023
LRRTM2,EPHB6_A,1.5222,0.0396
MAFF,EPHB6_A,1.7457,0.0021
ME1,EPHB6_A,1.6096,0.0357
MEIS2,EPHB6_R,0.823,0.0092
MYCN,EPHB6_A,1.3944,0.0057
NAV2,EPHB6_A,1.4456,0
OSTM1,EPHB6_A,1.2347,0.0498
PDZRN3,EPHB6_R,0.7297,0
PPFIBP2,EPHB6_A,1.4761,0
PPM1D,EPHB6_A,1.1682,0.0435
PPP1R16B,EPHB6_A,1.3092,0.0366
RAMP1,EPHB6_A,1.2492,0.0056
SC4MOL,EPHB6_A,7.4327E+11,0
SPRY4,EPHB6_A,1.6996,0
VGF,EPHB6_A,1.8004,0
ZC3H6,EPHB6_R,0,0.0404
CRH,NEK3_A,1.3088,0
DUSP4,NEK3_A,1.3661,0
DUSP5,NEK3_A,1.1506,0.0033
HIST1H2AC,NEK3_R,0.8806,0.0033
HIST1H2BG,NEK3_R,0.8286,0
HIST2H2AA4,NEK3_R,0.767,0
HIST3H2A,NEK3_R,0.7884,0.0011
LDHA,NEK3_R,0.8597,0
MAB21L1,NEK3_A,1.1513,0.004
MBNL2,NEK3_A,1.2745,0.004
PDE7B,NEK3_A,1.9733,0
SAMSN1,NEK3_A,1.9028,0.0033
SPRY2,NEK3_A,1.1885,0
SPRY4,NEK3_A,1.2131,0.0053
TFPI2,NEK3_R,0.5197,0.014
TUBB2A,NEK3_A,1.1501,0.0428
UBC,NEK3_A,1.1082,0
BCL11B,PDIK1L_R,0.5549,0.0225
FLJ35024,PDIK1L_R,0.6761,0.0306
HIST2H2AA4,PDIK1L_A,1.133,0
HPRT1,PDIK1L_R,0.8136,0.0116
RND3,PDIK1L_A,1.2331,0.0225
SPRY4,PDIK1L_A,1.1908,0.0306
TFPI2,PDIK1L_A,1.7729,0.0116
BTBD11,TRIB2_A,1.2891,0.002
C1orf114,TRIB2_R,0,0
C20orf103,TRIB2_A,1.3944,0.0028
CCDC68,TRIB2_R,0.6705,0.0259
HIST1H2BG,TRIB2_R,0.8273,0
ISLR,TRIB2_R,0.7064,0
LDHA,TRIB2_R,0.8493,0
PGAM1,TRIB2_R,0.7462,0
RFK,TRIB2_R,0.7383,0
SC4MOL,TRIB2_A,7.21097E+11,0
SH3BP5,TRIB2_R,0.7536,0.0259
CRH,PRKACA_R,0.7483,0
FRZB,PRKACA_A,1.3605,0.0259
GAL,PRKACA_R,0.7499,0
LDHA,PRKACA_R,0.8885,0.0122
MAB21L1,PRKACA_A,1.1374,0.0424
RAMP1,PRKACA_R,0.7604,0.0031
RGS8,PRKACA_R,0,0.0029
SPRY4,PRKACA_R,0.7326,0
CRH,PKMYT1_A,1.1487,0.0097
CRISPLD1,PKMYT1_A,1.5749,0
CYP1B1,PKMYT1_R,0,0
DUSP5,PKMYT1_A,1.1413,0.0368
FMN1,PKMYT1_A,1.3574,0.039
FRZB,PKMYT1_A,1.4329,0.0061
GAL,PKMYT1_R,0.8618,0.0311
HK2,PKMYT1_R,0.7794,0.0077
LDHA,PKMYT1_R,0.8708,0.0077
PI15,PKMYT1_A,1.5549,0.0077
SC4MOL,PKMYT1_A,7.07505E+11,0
VGF,PKMYT1_A,1.3446,0.0208
BTBD11,TESK1_R,0.7075,0
C20orf103,TESK1_R,0.5511,0
C4orf43,TESK1_R,0,0.0068
CRH,TESK1_R,0.8084,0
DCTPP1,TESK1_R,0.6611,0.0305
DUSP4,TESK1_R,0.71,0.0029
GAPDH,TESK1_A,1.1134,0.0407
HIST2H2AA4,TESK1_A,1.1952,0
ICA1,TESK1_R,0.842,0.0199
MAB21L1,TESK1_R,0.8696,0.0474
PPFIBP2,TESK1_R,0.7487,0.0407
PPP1R16B,TESK1_R,0.7045,0.0392
RAMP1,TESK1_A,1.2196,0.0407
SEC61G,TESK1_A,1.1781,0.0473
SPRY4,TESK1_R,0.7547,0
ADM,MARK3_R,0,0
BRI3BP,MARK3_A,1.2045,0.0353
BTBD11,MARK3_A,1.3041,0
C11orf75,MARK3_R,0,0
C4orf34,MARK3_R,0,0
CCDC68,MARK3_A,1.4361,0.006
CDC23,MARK3_R,0,0
CDCA7,MARK3_A,1.3088,0.0073
CIR1,MARK3_R,0,0
CRH,MARK3_R,0,0
CYP1B1,MARK3_R,0,0
DEPDC6,MARK3_R,0,0
DOCK9,MARK3_R,0,0
DUSP4,MARK3_R,0,0
DUSP5,MARK3_A,1.1739,0
DYM,MARK3_R,0,0
EFCAB2,MARK3_R,0,0
FAM89A,MARK3_A,1.4152,0.0462
FRZB,MARK3_R,0,0
GAL,MARK3_A,1.1186,0.0431
GAPDH,MARK3_A,1.1213,0
HIST1H2AC,MARK3_A,1.155,0
HIST1H2BG,MARK3_R,0,0
HIST2H2AA4,MARK3_A,1.0815,0.0243
HIST3H2A,MARK3_A,1.1541,0.0489
HK2,MARK3_A,1.1807,0.0417
HPRT1,MARK3_R,0,0
HSPA5,MARK3_R,0,0
ICA1,MARK3_R,0,0
IGDCC3,MARK3_R,0,0
IRAK4,MARK3_R,0,0
KIAA0831,MARK3_R,0,0
KIAA1211,MARK3_A,1.2723,0
KLHL2,MARK3_A,1.3139,0.0387
LDHA,MARK3_A,1.0898,0.0353
LGR5,MARK3_A,1.2871,0.0151
LRRTM2,MARK3_R,0,0
MAB21L1,MARK3_A,1.2006,0
MAFF,MARK3_R,0,0
MBNL2,MARK3_A,1.3059,0.0016
ME1,MARK3_A,1.5683,0.0395
MEIS2,MARK3_A,1.2068,0.0047
MKKS,MARK3_R,0,0
MTHFD1L,MARK3_R,0,0
NME1,MARK3_A,1.1095,0.0068
NR3C1,MARK3_A,1.5106,0.0243
NSUN2,MARK3_A,1.2214,0.014
OSTM1,MARK3_R,0,0
PFDN2,MARK3_A,1.1936,0
PGAM1,MARK3_R,0,0
POLR2D,MARK3_A,1.1884,0.0019
PPM1D,MARK3_R,0,0
PRDX4,MARK3_R,0,0
PRKCA,MARK3_R,0,0
PTPRD,MARK3_A,1.342,0.0014
RAMP1,MARK3_A,1.5011,0
RGS8,MARK3_R,0,0.0025
RND3,MARK3_A,1.2951,0.001
RPS18,MARK3_A,1.104,0.0012
RRS1,MARK3_A,1.2082,0.0106
SEC61G,MARK3_A,1.1899,0.0084
SESN3,MARK3_A,1.1911,0.0099
SH3BP5,MARK3_A,1.5576,0
SLIT2,MARK3_R,0,0
SNAI2,MARK3_R,0,0
SPRED1,MARK3_R,0,0
SPRY2,MARK3_A,1.1419,0.0063
SRP19,MARK3_R,0,0
STARD4,MARK3_A,1.2436,0
TFPI2,MARK3_R,0,0
TIMM17A,MARK3_A,1.269,0.0025
TRIB3,MARK3_R,0,0
TUBB2A,MARK3_A,1.2553,0
TUBB2C,MARK3_R,0,0
TUBB6,MARK3_A,1.3201,0.0354
UBC,MARK3_A,1.1382,0
VLDLR,MARK3_R,0,0
XPOT,MARK3_R,0,0
ZFPM2,MARK3_R,0,0
C6orf176,SCYL1_R,0.6492,0
ESRRG,SCYL1_A,3.332,0
HK2,SCYL1_R,0.7741,0.004
LDHA,SCYL1_R,0.842,0
MAB21L1,SCYL1_A,1.2352,0
RAMP1,SCYL1_R,0.7414,0
SC4MOL,SCYL1_A,5.01181E+11,0
SPRY2,SCYL1_A,1.1906,0
C6orf176,VRK1_R,0.6911,0
GAL,VRK1_R,0.7769,0
HIST2H2AA4,VRK1_A,1.1437,0.0091
NAV2,VRK1_A,1.2181,0.0394
RAMP1,VRK1_R,0.6463,0
RFK,VRK1_R,0.7829,0.0114
SC4MOL,VRK1_A,4.82056E+11,0
SPRY2,VRK1_A,1.1732,0.0114
CRH,KALRN_A,1.1543,0
GAL,KALRN_R,0.8656,0.0198
HIST1H2BG,KALRN_R,0.8292,0
HIST2H2AA4,KALRN_R,0.8835,0
LDHA,KALRN_R,0.8716,0
RPS18,KALRN_A,1.0699,0.0412
APCDD1,PRKY_R,0.3709,0.003
BRI3BP,PRKY_R,0.8131,0.0412
C6orf176,PRKY_R,0.4484,0
CDCA7,PRKY_R,0.7872,0.0483
CRH,PRKY_R,0.6867,0
DSE,PRKY_R,0.5655,0.0057
EFNB2,PRKY_A,1.5574,0
HIST2H2AA4,PRKY_R,0.8787,0
HK2,PRKY_R,0.7196,0
HPRT1,PRKY_A,1.159,0.0483
ISLR,PRKY_R,0.7008,0
LDHA,PRKY_R,0.8839,0.0013
LGR5,PRKY_R,0.7033,0.0025
LPXN,PRKY_R,0,0.039
MAB21L1,PRKY_A,1.4278,0
MYCN,PRKY_A,1.4889,0
NME1,PRKY_A,1.1855,0
NSUN2,PRKY_R,0.6727,0
PDZRN3,PRKY_R,0.7659,0
PRKCA,PRKY_A,1.5335,0
RAMP1,PRKY_R,0.7958,0.0105
TUBB2A,PRKY_A,1.1858,0.0057
C6orf176,RET_R,0.6092,0
CRH,RET_A,1.4087,0
GAL,RET_R,0.812,0.0042
HIST2H2AA4,RET_R,0.8612,0.0096
HK2,RET_R,0.7981,0.0441
LGR5,RET_A,1.3313,0.0239
PPFIBP2,RET_A,1.4406,0.0012
RGS8,RET_R,0,0.0024
SC4MOL,RET_A,1.84742E+12,0
TNFRSF21,RET_R,0.7685,0.0239
AK3L1,MASTL_R,0.6452,0
ALDH1L2,MASTL_R,0,0
C6orf176,MASTL_R,0.7736,0.0208
CRH,MASTL_R,0.8081,0
GAL,MASTL_R,0.7521,0
IGFBP5,MASTL_A,1.7967,0.0124
LDHA,MASTL_R,0.7333,0
MKKS,MASTL_R,0,0
PGAM1,MASTL_R,0.8814,0.0139
RAMP1,MASTL_R,0.8109,0.0327
RFK,MASTL_R,0.7788,0.0029
SPRY4,MASTL_R,0.7795,0
TRAF3IP2,MASTL_R,0,0
BAALC,PRKX_A,1.6322,0.0469
MYCN,PRKX_A,1.4443,0.0299
SC4MOL,PRKX_A,7.64772E+11,0
SPRY4,PRKX_A,1.3959,0.002
C6orf176,CDK3_A,1.3146,0.0118
CDCA7,CDK3_R,0.7445,0.0296
CRH,CDK3_R,0.87,0.0118
HIST1H2BG,CDK3_A,1.1169,0.0212
MAB21L1,CDK3_R,0.8623,0.0212
BTBD11,ZAK_A,1.3314,0
SC4MOL,ZAK_A,7.54097E+11,0
BTBD11,CAMK2G_A,1.3339,0
C20orf19,CAMK2G_A,1.3864,0.039
GAL,CAMK2G_R,0.8155,0
HIST1H2BG,CAMK2G_R,0.7451,0
HIST2H2AA4,CAMK2G_R,0.8769,0
LDHA,CAMK2G_R,0.861,0
PCDH20,CAMK2G_A,1.6417,0.004
PTPRD,CAMK2G_A,1.3405,0
RAMP1,CAMK2G_R,0.7629,0.0014
RPS18,CAMK2G_A,1.0767,0.0173
SC4MOL,CAMK2G_A,3.36981E+11,0
SESN3,CAMK2G_A,1.281,0
SPRY2,CAMK2G_A,1.2607,0
BTBD11,IKBKAP_A,1.2817,0.0071
HIST2H2AA4,IKBKAP_R,0.8885,0.0129
SC4MOL,IKBKAP_A,2.43575E+12,0
SPRY4,IKBKAP_R,0.7842,0.0071
DUSP5,PCTK1_A,1.1397,0.0349
ICA1,PCTK1_A,1.1822,0.0097
LDHA,PCTK1_R,0.895,0.0349
LGR5,PCTK1_A,1.322,0.029
MAB21L1,PCTK1_A,1.1761,0.0081
SC4MOL,PCTK1_A,1.01394E+12,0
BTBD11,NUAK1NM_014840_A,1.5254,0
CRH,NUAK1NM_014840_A,1.1222,0.0111
DUSP5,NUAK1NM_014840_A,1.1672,0.0011
FAM89A,NUAK1NM_014840_A,1.4936,0.0203
HIST1H2AC,NUAK1NM_014840_R,0.8338,0
HIST2H2AA4,NUAK1NM_014840_R,0.8684,0
HIST3H2A,NUAK1NM_014840_R,0.8177,0.0096
MEIS2,NUAK1NM_014840_R,0.7833,0
OSTM1,NUAK1NM_014840_R,0.6539,0
PDZRN3,NUAK1NM_014840_R,0.8198,0.0232
RFX3,NUAK1NM_014840_R,0,0
RGS16,NUAK1NM_014840_R,0,0
RRS1,NUAK1NM_014840_A,1.1773,0.0463
SESN3,NUAK1NM_014840_R,0.8108,0.0039
SPRY4,NUAK1NM_014840_A,1.2996,0
STARD4,NUAK1NM_014840_R,0.7982,0
TRAM1L1,NUAK1NM_014840_R,0.7646,0.0283
VGF,NUAK1NM_014840_A,1.3494,0.01
BTBD11,NM_032017_R,0.8065,0.0451
C6orf176,NM_032017_R,0.6693,0
IGDCC3,NM_032017_A,1.9714,0.023
LDHA,NM_032017_R,0.4504,0
LOC645722,NM_032017_R,0.6837,0.0451
PRKCA,NM_032017_R,0.705,0.0356
RND3,NM_032017_R,0.7834,0.023
SESN3,NM_032017_R,0.7072,0
SPRY4,NM_032017_R,0.7449,0
UBC,NM_032017_A,1.0991,0.0303
CHAC1,PAK2_R,0,0
BRI3BP,CDC7_R,0.6989,0
BTBD11,CDC7_A,1.3799,0
C6orf176,CDC7_R,0.7099,0
DUSP5,CDC7_A,1.1276,0.0107
HIST1H2BG,CDC7_R,0.8727,0
HIST2H2AA4,CDC7_R,0.874,0
HIST3H2A,CDC7_R,0.8409,0.0314
LDHA,CDC7_R,0.8774,0
PPFIBP2,CDC7_A,1.359,0.0028
RAMP1,CDC7_R,0.7794,0.0043
RPS18,CDC7_A,1.0806,0
SC4MOL,CDC7_A,2.2905E+12,0
BTBD11,X1_A,1.6983,0
C20orf103,X1_R,0.7059,0.0082
CRH,X1_R,0.626,0
HK2,X1_R,0.7129,0
ICA1,X1_R,0.8281,0.0012
LDHA,X1_R,0.8946,0.0115
MAB21L1,X1_A,1.2236,0
SC4MOL,X1_A,9.39276E+11,0
SCYL3,X1_R,0.4832,0
SPRY4,X1_R,0.784,0.0012
NSUN2,MAPK9_R,0.6032,0
CRH,PRKAG1_A,1.2581,0
ISLR,PRKAG1_A,1.2962,0.005
MBNL2,PRKAG1_A,1.2819,0.005
NME1,PRKAG1_R,0.9009,0.0053
SC4MOL,PRKAG1_A,2.31634E+12,0
TFPI2,PRKAG1_A,2.3487,0
C6orf176,PFTK1_R,0.741,0.003
CRH,PFTK1_A,1.1477,0
FAM89A,PFTK1_A,1.4793,0.0304
HIST2H2AA4,PFTK1_R,0.93,0.0284
HSPA5,PFTK1_R,0.7358,0.0229
LDHA,PFTK1_R,0.9021,0.0058
MAB21L1,PFTK1_A,1.4292,0
MKKS,PFTK1_R,0,0
NAV2,PFTK1_A,1.2353,0.0028
PPFIBP2,PFTK1_A,1.3157,0.0109
RAMP1,PFTK1_R,0.6157,0
RFK,PFTK1_A,1.2481,0.0028
RPS18,PFTK1_R,0.9403,0.0388
SC4MOL,PFTK1_A,1.26096E+12,0
SESN3,PFTK1_A,1.2248,0.0016
STARD4,PFTK1_A,1.1819,0.0016
TRAM1L1,PFTK1_A,1.2602,0.0304
ANO1,RIPK2_R,0,0
APCDD1,RIPK2_R,0,0
BAALC,RIPK2_R,0,0
C20orf103,RIPK2_R,0,0
C20orf19,RIPK2_R,0,0
C6orf176,RIPK2_R,0.6003,0
CRH,RIPK2_R,0.8435,0
DUSP5,RIPK2_A,1.2147,0
FAM117A,RIPK2_R,0,0
GDF15,RIPK2_R,0,0
HIST2H2AA4,RIPK2_R,0.8477,0
HK2,RIPK2_R,0.7804,0.0063
ICA1,RIPK2_A,1.1454,0.0224
ICAM2,RIPK2_R,0,0
IGFBP5,RIPK2_R,0,0
KCNN2,RIPK2_R,0,0
LDHA,RIPK2_R,0.8043,0
LOC441046,RIPK2_R,0,0
MAB21L1,RIPK2_A,1.1236,0.0412
PLK3,RIPK2_R,0,0
PPEF1,RIPK2_R,0,0
PPFIBP2,RIPK2_A,1.4069,0.0012
PTPRE,RIPK2_R,0,0
RGS16,RIPK2_R,0,0
RPS18,RIPK2_A,1.1097,0
SAMSN1,RIPK2_R,0,0
SC4MOL,RIPK2_A,2.33568E+12,0
SEPSECS,RIPK2_R,0,0
TFPI2,RIPK2_R,0,0
AK3L1,FASTK_A,1.2741,0.0265
APCDD1,FASTK_R,0.3903,0.0055
BCL11B,FASTK_R,0.6098,0.021
BEGAIN,FASTK_A,1.2597,0.0072
BTBD11,FASTK_R,0.8279,0.0301
C20orf103,FASTK_R,0.6461,0
C6orf176,FASTK_A,1.7975,0
CCDC68,FASTK_A,1.3953,0.009
CRB2,FASTK_R,0.486,0
CRH,FASTK_R,0.5971,0
DSE,FASTK_R,0.4602,0
EFNB2,FASTK_A,1.6391,0
FRZB,FASTK_A,1.3697,0.0055
GAL,FASTK_A,1.1318,0.0141
HDAC5,FASTK_R,0.7157,0
HK2,FASTK_A,1.2906,0
ICA1,FASTK_R,0.8407,0
IGDCC3,FASTK_R,0.4574,0.043
ISLR,FASTK_R,0.6184,0
LDHA,FASTK_A,1.0973,0.0102
LOC645722,FASTK_R,0.7007,0.021
NME1,FASTK_A,1.1427,0
PDZRN3,FASTK_R,0.752,0
PGAM1,FASTK_A,1.2045,0
PI15,FASTK_A,1.6065,0
PRKCA,FASTK_A,2.0304,0
RAMP1,FASTK_A,1.3543,0
RND3,FASTK_A,1.2188,0.0113
SC4MOL,FASTK_A,3.00487E+12,0
SEC61G,FASTK_A,1.1647,0.0146
SPRY4,FASTK_R,0.8381,0.0146
STARD4,FASTK_A,1.1224,0.0365
TLE6,FASTK_R,0.4239,0.0194
UBC,FASTK_R,0.9364,0.0216
HIST1H2BG,MAST3_A,1.2603,0
HIST2H2AA4,MAST3_A,1.1142,0
HPRT1,MAST3_R,0.8469,0.0444
IGDCC3,MAST3_A,1.9066,0.0249
KLHDC2,MAST3_R,0.8061,0.0314
PFDN2,MAST3_R,0.8806,0.0444
SC4MOL,MAST3_A,3.16725E+12,0
SPRY2,MAST3_R,0.8514,0
SPRY4,MAST3_R,0.8211,0.0203
TFPI2,MAST3_A,1.6885,0.0203
BAALC,STK39_A,2.152,0
C20orf103,STK39_A,1.2969,0.0108
CCDC68,STK39_A,1.3111,0.0452
CRH,STK39_R,0.7974,0
EFNB2,STK39_A,1.67,0
ESRRG,STK39_A,2.0341,0.049
ETV1,STK39_A,1.5517,0.015
GAL,STK39_R,0.8893,0.0232
GAPDH,STK39_R,0.91,0
GRIA2,STK39_A,1.9879,0
HIST1H2BG,STK39_R,0.8812,0
HIST2H2AA4,STK39_R,0.8712,0
HIST3H2A,STK39_R,0.78,0
ICA1,STK39_R,0.894,0.0454
ISLR,STK39_R,0.7337,0
KIAA1211,STK39_A,1.199,0
LDHA,STK39_R,0.9111,0.0083
MAB21L1,STK39_A,1.1699,0
MEIS2,STK39_A,1.1457,0.0384
MYCN,STK39_A,1.5488,0
NAV2,STK39_A,1.2869,0
NR3C1,STK39_A,1.4465,0.0385
OSTM1,STK39_A,1.2493,0.0232
PCDH20,STK39_A,2.068,0
PGAM1,STK39_R,0.8873,0.0057
PPFIBP2,STK39_A,1.3261,0.0035
PRKCA,STK39_A,1.5161,0
PTPRE,STK39_R,0.5933,0.037
RFK,STK39_A,1.4242,0
RND3,STK39_A,1.2629,0.0011
RPS18,STK39_A,1.1044,0
SC4MOL,STK39_A,7.09243E+11,0
SESN3,STK39_A,1.2096,0.0015
SH3BP5,STK39_A,1.2509,0.0175
SLIT2,STK39_A,2.1794,0
SPRY2,STK39_A,1.1217,0.0086
SPRY4,STK39_A,1.4225,0
TIMM17A,STK39_R,0.7484,0
VGF,STK39_R,0.6697,0.0011
ADM,IKBKB_R,0,0
ALG13,IKBKB_R,0,0
BTBD11,IKBKB_R,0.7938,0.0192
C4orf34,IKBKB_R,0,0
C4orf43,IKBKB_R,0,0.0141
CDC23,IKBKB_R,0,0
CHAC1,IKBKB_R,0,0
CRH,IKBKB_A,1.323,0
CTSF,IKBKB_R,0,0
DUSP5,IKBKB_A,1.1404,0.0205
EFCAB2,IKBKB_R,0,0
ESRRG,IKBKB_R,0,0
FASTKD2,IKBKB_R,0,0
GUSB,IKBKB_R,0,0
HIST1H2BG,IKBKB_R,0,0
HIST3H2A,IKBKB_R,0,0
HSPA5,IKBKB_A,1.3823,0.0039
HSPE1,IKBKB_R,0,0
IGFBP5,IKBKB_R,0,0
IRAK4,IKBKB_R,0,0
LGR5,IKBKB_R,0,0
MEIS2,IKBKB_A,1.2235,0.0045
MKKS,IKBKB_R,0,0
MTHFD1L,IKBKB_R,0,0
NDRG1,IKBKB_R,0,0
PCDH20,IKBKB_R,0,0
PRDX4,IKBKB_R,0,0
PRKCA,IKBKB_A,1.5836,0
RGS16,IKBKB_R,0,0
SC4MOL,IKBKB_A,7.85892E+11,0
SEC61G,IKBKB_A,1.1745,0.0347
SH3BP5,IKBKB_A,1.4406,0
SPRY2,IKBKB_A,1.1663,0.0039
SPRY4,IKBKB_R,0.8142,0.0164
TMEM22,IKBKB_R,0,0
TUBB2C,IKBKB_R,0,0
YPEL4,IKBKB_R,0,0
ZFPM2,IKBKB_R,0,0
ADM,ALK6_A,3.9588,0
APCDD1,ALK6_A,3.3784,0
BCL11B,ALK6_A,1.3817,0.0429
BEGAIN,ALK6_R,0.6112,0
BTBD11,ALK6_R,0.3851,0
BYSL,ALK6_R,0.8431,0.0321
C20orf103,ALK6_R,0.3502,0
C6orf176,ALK6_R,0.2926,0
CRB2,ALK6_A,1.4564,0.0017
CRH,ALK6_R,0.5381,0
CTDSP2,ALK6_A,1.3743,0
CTSF,ALK6_A,1.5838,0
CYP1B1,ALK6_A,3.1276,0
DUSP4,ALK6_R,0.3852,0
DUSP5,ALK6_A,1.1694,0
EFNB2,ALK6_R,0.3921,0
ESRRG,ALK6_R,0,0
ETV1,ALK6_R,0.2714,0
FAM84B,ALK6_R,0.2352,0
FAM89A,ALK6_R,0.6019,0.0058
FLJ35024,ALK6_A,1.7901,0
FMN1,ALK6_A,1.4658,0
FRZB,ALK6_A,1.5756,0
GAL,ALK6_R,0.7037,0
GRIA2,ALK6_A,1.8124,0
HDAC5,ALK6_A,1.2748,0
HEBP1,ALK6_A,1.6372,0.0035
HIST1H2AC,ALK6_A,1.1323,0
HIST1H2BG,ALK6_A,1.1856,0
HIST2H2AA4,ALK6_A,1.0967,0
HK2,ALK6_R,0.5875,0
ICA1,ALK6_A,1.3735,0
ICAM2,ALK6_R,0.4439,0.0236
IGDCC3,ALK6_R,0.5014,0.0487
IGFBP5,ALK6_A,3.272,0
KIAA1211,ALK6_A,1.1234,0.0371
KLHDC2,ALK6_A,1.1589,0.043
LDHA,ALK6_R,0.8022,0
LGR5,ALK6_R,0.4184,0
LOC399959,ALK6_A,1.5446,0.0033
LOC645722,ALK6_A,1.3912,0.0044
MBNL2,ALK6_A,1.5518,0
MEIS2,ALK6_A,1.2768,0
MFSD2,ALK6_R,0.4852,0
MID1,ALK6_R,0.6849,0.0025
MYCN,ALK6_R,0.5373,0
NAV2,ALK6_R,0.71,0
NDRG1,ALK6_A,1.5674,0
NME1,ALK6_R,0.7139,0
PCDH20,ALK6_A,2.2112,0
PDE7B,ALK6_R,0.3921,0
PDZRN3,ALK6_A,1.4981,0
PGAM1,ALK6_R,0.8519,0
PI15,ALK6_R,0.6138,0.0032
PLK3,ALK6_R,0.5911,0.0119
PPEF1,ALK6_R,0.5545,0.0055
PPFIBP2,ALK6_R,0.475,0
PPP1R13B,ALK6_R,0.7271,0.0113
PPP1R16B,ALK6_R,0.6736,0.0013
PRKCA,ALK6_R,0.5589,0
PTPRD,ALK6_A,1.4973,0
PTPRE,ALK6_R,0.3381,0
RAMP1,ALK6_R,0.6633,0
RGS16,ALK6_R,0.3921,0.019
RLBP1L1,ALK6_R,0.6273,0.008
RND3,ALK6_R,0.4976,0
RPS18,ALK6_A,1.1167,0
RRS1,ALK6_R,0.782,0
SESN3,ALK6_A,1.1707,0.0071
SLIT2,ALK6_A,1.9911,0.0013
SNAI2,ALK6_A,1.3134,0.0276
SPRED1,ALK6_R,0.4734,0
SPRED2,ALK6_R,0.6056,0
SPRY2,ALK6_R,0.6017,0
SPRY4,ALK6_R,0.2272,0
STARD4,ALK6_R,0.8179,0
TESK2,ALK6_A,1.4874,0.0158
TFPI2,ALK6_R,0.2761,0
TLE6,ALK6_A,1.9622,0.0019
TNFRSF21,ALK6_R,0.8326,0.0255
TRAM1L1,ALK6_A,1.6378,0
TRIB1,ALK6_R,0.7679,0.0395
TUBB2A,ALK6_R,0.8564,0.007
TUBB6,ALK6_R,0.7553,0.0294
VGF,ALK6_R,0.4792,0
VLDLR,ALK6_A,1.4746,0
WDR77,ALK6_R,0.8127,0.031
YPEL3,ALK6_A,1.5859,0
HIST2H2AA4,PRKAR2A_R,0.8895,0.0209
hCG_1776018,PRKAR2A_R,0,0.0118
CRH,CDK10_A,1.31,0
DUSP5,CDK10_A,1.2008,0
FAM89A,CDK10_A,1.6814,0.0012
HIST1H2AC,CDK10_R,0.8505,0.0011
HIST1H2BG,CDK10_R,0.8808,0.01
HIST2H2AA4,CDK10_R,0.7898,0
HIST3H2A,CDK10_R,0.8165,0.0213
TUBB2C,CDK10_R,0,0
AK3L1,STK17A_R,0.7556,0.0498
BEGAIN,STK17A_R,0.7879,0.0454
C6orf176,STK17A_R,0.7709,0.0215
CRH,STK17A_R,0.8653,0.0013
CTDSP2,STK17A_A,1.1785,0.0498
DUSP5,STK17A_A,1.2046,0
GAL,STK17A_R,0.6792,0
HIST2H2AA4,STK17A_R,0.9084,0.0065
HK2,STK17A_R,0.8231,0.0454
HPRT1,STK17A_R,0.7959,0.002
LDHA,STK17A_R,0.7807,0
LPXN,STK17A_R,0,0.0495
MBNL2,STK17A_A,1.2781,0.0061
NME1,STK17A_R,0.8819,0.0013
PGAM1,STK17A_R,0.8977,0.0498
RPS18,STK17A_A,1.113,0
SPRY4,STK17A_R,0.7341,0
TFPI2,STK17A_R,0.5577,0.0464
AK3L1,PSKH1_R,0.7064,0.0184
C20orf103,PSKH1_R,0.6718,0.0046
CCDC68,PSKH1_R,0.6825,0.0406
CDC23,PSKH1_R,0.7568,0.0308
DOCK9,PSKH1_A,2.1354,0.0406
HIST1H2BG,PSKH1_R,0.8562,0
LDHA,PSKH1_R,0.894,0.0184
LOC399959,PSKH1_A,1.5819,0.0188
MBNL2,PSKH1_A,1.32,0.0036
STARD4,PSKH1_A,1.158,0.023
BTBD11,TYK2_A,1.3974,0
C6orf176,TYK2_R,0.6814,0
FLJ35024,TYK2_R,0.6771,0.0177
HIST1H2BG,TYK2_R,0.9032,0.0141
ICA1,TYK2_R,0.7626,0
LGR5,TYK2_R,0.7295,0.0141
NME1,TYK2_A,1.1362,0
PRKCA,TYK2_A,1.3751,0.0133
RND3,TYK2_A,1.2772,0.002
SH3BP5,TYK2_R,0.7418,0.0123
SPRY2,TYK2_A,1.1173,0.034
SPRY4,TYK2_A,1.2359,0.002
STARD4,TYK2_A,1.1935,0.0012
BRI3BP,EIF2AK2PRKR_R,0.7589,0.0145
GAL,EIF2AK2PRKR_R,0.819,0.0014
LDHA,EIF2AK2PRKR_R,0.8915,0.0408
SC4MOL,EIF2AK2PRKR_A,5.65631E+11,0
SPRY2,EIF2AK2PRKR_A,1.1409,0.0411
ABHD3,RPS6KA2_R,0.7404,0.0225
ADM,RPS6KA2_R,0.5923,0.0333
AK3L1,RPS6KA2_A,1.3615,0.0025
BAALC,RPS6KA2_A,1.7389,0.0026
BEGAIN,RPS6KA2_A,1.3255,0
BRI3BP,RPS6KA2_R,0.7552,0.0018
BTBD11,RPS6KA2_A,1.4763,0
C20orf103,RPS6KA2_A,1.3864,0.0012
C7orf40,RPS6KA2_R,0.7725,0.0113
CCDC68,RPS6KA2_R,0.7249,0.0355
CDCA7,RPS6KA2_R,0.5256,0
CRH,RPS6KA2_A,1.7357,0
CYP1B1,RPS6KA2_R,0.2948,0.0169
DUSP4,RPS6KA2_A,1.6155,0
DUSP5,RPS6KA2_A,1.2149,0
FAM117A,RPS6KA2_A,1.6401,0.0153
FAM89A,RPS6KA2_A,2.2362,0
FLJ35024,RPS6KA2_R,0.7105,0.0221
HDAC5,RPS6KA2_A,1.2266,0.0172
HIST1H2AC,RPS6KA2_R,0.6983,0
HIST1H2BG,RPS6KA2_R,0.6513,0
HIST2H2AA4,RPS6KA2_R,0.6067,0
HIST3H2A,RPS6KA2_R,0.6394,0
HK2,RPS6KA2_A,1.3242,0
ICA1,RPS6KA2_R,0.7983,0
ICAM2,RPS6KA2_A,2.7895,0
IGDCC3,RPS6KA2_A,1.8206,0.0153
LDHA,RPS6KA2_R,0.6118,0
LGR5,RPS6KA2_R,0.745,0.011
LOC645722,RPS6KA2_R,0.698,0.0172
LRRC8B,RPS6KA2_R,0.7525,0.0148
MAB21L1,RPS6KA2_A,1.2063,0
MAFF,RPS6KA2_A,1.5906,0.0161
MEIS2,RPS6KA2_R,0.7455,0
MID1,RPS6KA2_A,1.5262,0
NME1,RPS6KA2_R,0.8653,0
OSTM1,RPS6KA2_A,1.2377,0.0333
PCDH20,RPS6KA2_R,0.5525,0.0048
PGAM1,RPS6KA2_R,0.8448,0
PPFIBP2,RPS6KA2_A,1.4744,0
PPP1R16B,RPS6KA2_A,1.5257,0
RAMP1,RPS6KA2_R,0.8348,0.0384
RGS8,RPS6KA2_R,0,0
RND3,RPS6KA2_R,0.7855,0.0048
RPS18,RPS6KA2_A,1.1707,0
RRS1,RPS6KA2_A,1.2253,0.0044
SAMSN1,RPS6KA2_A,1.6325,0.0355
SESN3,RPS6KA2_A,1.3771,0
SH3BP5,RPS6KA2_R,0.6492,0
SPRY2,RPS6KA2_A,1.1632,0.002
SPRY4,RPS6KA2_A,1.6518,0
TRIB1,RPS6KA2_A,1.3331,0.0203
VGF,RPS6KA2_A,1.3523,0.0048
ZC3H6,RPS6KA2_R,0,0.0305
BTBD11,NEK9_A,1.2594,0.0057
CRH,NEK9_R,0.8845,0.0057
DUSP5,NEK9_A,1.1635,0.0018
LDHA,NEK9_R,0.846,0
C6orf176,BUB1B_R,0.7281,0.0033
GDF15,BUB1B_A,2.6344,0.0028
HIST1H2BG,BUB1B_R,0.8312,0
HIST2H2AA4,BUB1B_R,0.8478,0
LDHA,BUB1B_R,0.8276,0
RPS18,BUB1B_A,1.0874,0.0035
BTBD11,MAPKAPK3_R,0.7033,0
C20orf103,MAPKAPK3_A,1.3195,0.0171
CCDC68,MAPKAPK3_A,1.364,0.0348
CRH,MAPKAPK3_R,0.8117,0
DUSP5,MAPKAPK3_A,1.1161,0.0479
GAL,MAPKAPK3_R,0.8595,0.0127
HIST1H2BG,MAPKAPK3_A,1.1245,0.0059
HIST2H2AA4,MAPKAPK3_A,1.1303,0
HPRT1,MAPKAPK3_R,0.8396,0.0281
ICA1,MAPKAPK3_A,1.1789,0.004
LOC399959,MAPKAPK3_R,0.6171,0.0416
LOC441046,MAPKAPK3_R,0.6008,0.0281
MEIS2,MAPKAPK3_A,1.2873,0
PGAM1,MAPKAPK3_R,0.8774,0.014
SC4MOL,MAPKAPK3_A,1.1473E+12,0
SPRY4,MAPKAPK3_R,0.8328,0.0281
TFPI2,MAPKAPK3_R,0.5029,0.0171
TMEM22,MAPKAPK3_R,0.7611,0.0281
BRI3BP,PRKD2_R,0.7662,0.0147
DUSP4,PRKD2_A,1.4885,0
LPXN,PRKD2_R,0,0.0464
MYCN,PRKD2_R,0.6333,0.0053
PRKCA,PRKD2_R,0.7042,0.0464
SESN3,PRKD2_R,0.5905,0
SPRY4,PRKD2_R,0.8304,0.0464
VGF,PRKD2_A,1.3183,0.0464
C20orf103,PRAGMINNM_001080826_R,0.6239,0
C6orf176,PRAGMINNM_001080826_R,0.7671,0.0177
CRH,PRAGMINNM_001080826_A,1.1933,0
DUSP5,PRAGMINNM_001080826_A,1.1578,0.0033
GAL,PRAGMINNM_001080826_R,0.8535,0.0046
MAB21L1,PRAGMINNM_001080826_A,1.1589,0.0046
PTPRD,PRAGMINNM_001080826_A,1.4191,0
SC4MOL,PRAGMINNM_001080826_A,1.06819E+12,0
SPRY4,PRAGMINNM_001080826_R,0.8034,0.0046
STARD4,PRAGMINNM_001080826_R,0.8551,0.0136
CRH,BCR_R,0.7537,0
DUSP4,BCR_A,1.3438,0.0025
GAL,BCR_A,1.2251,0
GAPDH,BCR_R,0.7055,0
ISLR,BCR_R,0.7647,0.0188
LDHA,BCR_R,0.8927,0.0203
NME1,BCR_A,1.1621,0
RPS18,BCR_A,1.1092,0.0056
STARD4,BCR_A,1.1527,0.0399
ABHD3,CDC2L2_R,0.7385,0.0173
BAALC,CDC2L2_A,2.4971,0
BEGAIN,CDC2L2_A,1.5375,0
BRI3BP,CDC2L2_R,0.8159,0.0182
C20orf103,CDC2L2_R,0.6366,0
C4orf34,CDC2L2_R,0.7047,0.0487
C6orf176,CDC2L2_A,2.266,0
CDCA7,CDC2L2_R,0.5625,0
CRH,CDC2L2_A,1.4466,0
CRISPLD1,CDC2L2_A,1.3155,0.0259
CTSF,CDC2L2_R,0.7129,0.0487
DCTPP1,CDC2L2_R,0.6762,0.0079
DUSP4,CDC2L2_A,1.4829,0
DYM,CDC2L2_R,0.7963,0.0085
ESRRG,CDC2L2_A,4.0169,0
FAM84B,CDC2L2_A,1.7382,0.0165
FAM89A,CDC2L2_R,0.6736,0.0372
FMN1,CDC2L2_A,1.3534,0.0099
GAPDH,CDC2L2_R,0.926,0.0171
GDF15,CDC2L2_A,6.3416,0
GTF2H2,CDC2L2_R,0.7334,0
GUSB,CDC2L2_R,0.7072,0.0291
HDAC5,CDC2L2_A,1.211,0.0171
HIST1H2AC,CDC2L2_R,0.7327,0
HIST1H2BG,CDC2L2_R,0.6748,0
HIST2H2AA4,CDC2L2_R,0.5994,0
HIST3H2A,CDC2L2_R,0.6563,0
HPRT1,CDC2L2_R,0.7985,0
ICA1,CDC2L2_R,0.7516,0
ICAM2,CDC2L2_A,1.8754,0.0172
IGDCC3,CDC2L2_A,2.0584,0.0016
ISLR,CDC2L2_R,0.6895,0
KCNN2,CDC2L2_R,0.5892,0.0372
KIAA0831,CDC2L2_A,1.5042,0
KIAA1211,CDC2L2_R,0.7317,0
KLHL2,CDC2L2_A,1.3453,0.0097
LDHA,CDC2L2_R,0.6935,0
LGR5,CDC2L2_A,1.9104,0
LOC645722,CDC2L2_R,0.6342,0.001
LRRTM2,CDC2L2_A,1.5707,0.0155
MAB21L1,CDC2L2_A,1.1874,0
MAFF,CDC2L2_A,1.8271,0
ME1,CDC2L2_A,1.7329,0.0033
MID1,CDC2L2_A,1.6685,0
NAV2,CDC2L2_A,1.2208,0.003
NSUN2,CDC2L2_A,1.1726,0.0312
OSTM1,CDC2L2_A,1.3213,0.0019
PFDN2,CDC2L2_R,0.8593,0.003
PGAM1,CDC2L2_R,0.8003,0
PI15,CDC2L2_A,1.5811,0
PLK3,CDC2L2_A,1.5102,0.0231
POLR2D,CDC2L2_R,0.8305,0
PPFIBP2,CDC2L2_A,1.6956,0
PPM1D,CDC2L2_A,1.3768,0
PPP1R16B,CDC2L2_A,1.2846,0.0291
PURG,CDC2L2_A,1.2392,0.0363
RAMP1,CDC2L2_R,0.7739,0.0012
RFK,CDC2L2_A,1.4082,0
RGS16,CDC2L2_A,5.2069,0
RND3,CDC2L2_R,0.8334,0.0259
RPS18,CDC2L2_A,1.1682,0
SAMSN1,CDC2L2_A,3.3439,0
SH3BP5,CDC2L2_R,0.6925,0
SLC15A4,CDC2L2_R,0.6014,0.0039
SPRY2,CDC2L2_A,1.5292,0
SPRY4,CDC2L2_A,2.0621,0
TFPI2,CDC2L2_A,3.4927,0
TMEM22,CDC2L2_A,1.2698,0.011
TNFRSF21,CDC2L2_R,0.8248,0.0258
TUBB2C,CDC2L2_R,0.5845,0.0152
VGF,CDC2L2_A,2.4485,0
VLDLR,CDC2L2_A,1.2112,0.0231
WDR77,CDC2L2_R,0.7654,0.0061
ZC3H6,CDC2L2_R,0,0.0235
CRH,TBCKNM_033115_A,1.1086,0.0316
DUSP5,TBCKNM_033115_A,1.123,0.0334
LDHA,TBCKNM_033115_R,0.853,0
LGR5,TBCKNM_033115_R,0.7307,0.0245
PPM1D,TBCKNM_033115_A,1.1844,0.0334
PTPRD,TBCKNM_033115_A,1.2953,0.0173
SC4MOL,TBCKNM_033115_A,6.44876E+11,0
STARD4,TBCKNM_033115_A,1.1601,0.0173
HIST1H2BG,EIF2AK4_R,0.8474,0
LDHA,EIF2AK4_R,0.8372,0
MKKS,EIF2AK4_R,0,0
RGS8,EIF2AK4_R,0,0.0024
SC4MOL,EIF2AK4_A,3.84496E+11,0
SPRY4,EIF2AK4_R,0.7956,0.0079
C20orf103,GSG2_R,0.6266,0
CRH,GSG2_R,0.8967,0.0187
HIST1H2BG,GSG2_R,0.8961,0.0061
HIST2H2AA4,GSG2_R,0.8914,0
ICA1,GSG2_A,1.1641,0.0061
LDHA,GSG2_R,0.8734,0
MBNL2,GSG2_A,1.2266,0.0349
PCDH20,GSG2_A,1.626,0.008
PTPRD,GSG2_A,1.3898,0
RFK,GSG2_A,1.2071,0.0209
SC4MOL,GSG2_A,8.92491E+11,0
SLIT2,GSG2_A,2.0906,0.0024
SPRY2,GSG2_A,1.1116,0.05
APCDD1,PIM1_A,1.9172,0.0036
BTBD11,PIM1_R,0.7875,0.005
C20orf103,PIM1_R,0.7215,0.0075
C6orf176,PIM1_R,0.5324,0
CCDC68,PIM1_R,0.6755,0.0112
CRH,PIM1_R,0.9071,0.0293
CTDSP2,PIM1_A,1.1665,0.044
CYP1B1,PIM1_A,2.2955,0.0096
DUSP4,PIM1_R,0.7536,0.0075
FRZB,PIM1_A,1.4369,0.002
GAL,PIM1_R,0.7833,0
GAPDH,PIM1_R,0.9321,0.0294
HIST1H2BG,PIM1_A,1.0845,0.044
LDHA,PIM1_R,0.8961,0.0035
LOC399959,PIM1_A,1.6368,0.0034
MAB21L1,PIM1_A,1.161,0.0021
MBNL2,PIM1_A,1.2144,0.0293
MEIS2,PIM1_A,1.323,0
NME1,PIM1_R,0.8977,0.0034
PDZRN3,PIM1_A,1.2537,0.0021
PGAM1,PIM1_R,0.8797,0.005
PPM1D,PIM1_A,1.1701,0.0293
RAMP1,PIM1_R,0.662,0
SC4MOL,PIM1_A,1.72998E+12,0
TFPI2,PIM1_R,0.4592,0.0036
TRAM1L1,PIM1_A,1.3171,0.005
HIST2H2AA4,MAP3K2_R,0.9149,0.0088
ISLR,MAP3K2_R,0.7734,0.0352
SC4MOL,MAP3K2_A,1.45954E+12,0
SESN3,MAP3K2_A,1.2459,0.0011
SH3BP5,MAP3K2_R,0.7351,0.0138
GAL,DYRK2_R,0.7841,0
LDHA,DYRK2_R,0.8654,0
PTPRD,DYRK2_A,1.3491,0.0016
SC4MOL,DYRK2_A,9.64469E+11,0
STARD4,DYRK2_A,1.1817,0.0039
C6orf176,COL4A3BP_R,0.4551,0
CRH,COL4A3BP_R,0.7865,0
DUSP4,COL4A3BP_R,0.7183,0.002
ESRRG,COL4A3BP_A,2.1634,0.0365
GAL,COL4A3BP_R,0.8146,0
HIST1H2BG,COL4A3BP_A,1.0957,0.0352
HK2,COL4A3BP_R,0.7783,0.0029
LDHA,COL4A3BP_R,0.8994,0.0117
LGR5,COL4A3BP_R,0.7717,0.0463
MAB21L1,COL4A3BP_A,1.1949,0
MBNL2,COL4A3BP_A,1.2274,0.024
MEIS2,COL4A3BP_A,1.2631,0
METTL1,COL4A3BP_R,0.6622,0.0187
PI15,COL4A3BP_R,0.6173,0.0187
RAMP1,COL4A3BP_R,0.6819,0
RGS8,COL4A3BP_R,0,0.0013
SC4MOL,COL4A3BP_A,1.08516E+12,0
SPRY2,COL4A3BP_A,1.1232,0.024
TFPI2,COL4A3BP_R,0.3208,0
TRAM1L1,COL4A3BP_A,1.2625,0.0324
UBC,COL4A3BP_A,1.0717,0.0463
VGF,COL4A3BP_R,0.7247,0.024
C6orf176,RPS6KB1_R,0.6333,0
CRH,RPS6KB1_R,0.669,0
GRIA2,RPS6KB1_A,1.4127,0.041
HK2,RPS6KB1_R,0.7719,0.0019
ICA1,RPS6KB1_A,1.245,0
LDHA,RPS6KB1_R,0.8736,0
NME1,RPS6KB1_R,0.9032,0.0064
NR3C1,RPS6KB1_A,1.5028,0.0414
PTPRD,RPS6KB1_A,1.2876,0.0085
RAMP1,RPS6KB1_A,1.2019,0.041
RPS18,RPS6KB1_A,1.0671,0.0359
SC4MOL,RPS6KB1_A,6.11345E+11,0
SPRY2,RPS6KB1_A,1.1765,0
SPRY4,RPS6KB1_R,0.7773,0
TFPI2,RPS6KB1_R,0.5346,0.0414
VGF,RPS6KB1_R,0.7463,0.0414
BAALC,CCRK_A,1.5667,0.0311
C20orf103,CCRK_A,1.3481,0.0036
C4orf43,CCRK_R,0,0.003
CRH,CCRK_A,1.5248,0
CRISPLD1,CCRK_A,1.5096,0
DOCK9,CCRK_A,1.99,0.0405
FAM78B,CCRK_A,1.7221,0
FAM84B,CCRK_A,2.0196,0.0012
FAM89A,CCRK_R,0.6003,0.0121
GRIA2,CCRK_R,0.6741,0.0342
HIST1H2AC,CCRK_A,1.1143,0.021
HIST1H2BG,CCRK_R,0.8218,0
HIST2H2AA4,CCRK_A,1.1347,0
HIST3H2A,CCRK_A,1.1574,0.0496
ICA1,CCRK_R,0.8305,0.0011
IGDCC3,CCRK_A,2.9961,0
LDHA,CCRK_R,0.8942,0.0072
LOC399959,CCRK_A,1.64,0.0021
MAB21L1,CCRK_R,0.8519,0.0025
MEIS2,CCRK_R,0.856,0.039
MID1,CCRK_A,1.4022,0.0038
PDZRN3,CCRK_A,1.3998,0
PTPRE,CCRK_A,1.6078,0.0158
RGS8,CCRK_A,2.3599,0.0258
SC4MOL,CCRK_A,2.95762E+11,0
SPRY2,CCRK_A,1.1847,0
SPRY4,CCRK_A,1.5127,0
TNFRSF21,CCRK_A,1.2169,0.0248
TUBB2A,CCRK_R,0.8565,0.0258
UBC,CCRK_R,0.9052,0.003
BTBD11,CDK8_A,1.5043,0
CRH,CDK8_A,1.1226,0.0077
FLJ35024,CDK8_R,0.6925,0.0334
HIST1H2BG,CDK8_R,0.8907,0.0047
ISLR,CDK8_R,0.7827,0.0222
LGR5,CDK8_R,0.711,0.0077
PDZRN3,CDK8_R,0.7999,0.0105
RAMP1,CDK8_A,1.3454,0
RFK,CDK8_A,1.2345,0.0077
SC4MOL,CDK8_A,1.27534E+12,0
SH3BP5,CDK8_A,1.2932,0.0105
SPRY4,CDK8_A,1.1787,0.0334
C20orf103,DAPK3_R,0.6875,0.0017
CRB2,DAPK3_R,0.5876,0.0015
FLJ35024,DAPK3_R,0.6521,0.0049
FRZB,DAPK3_A,1.3909,0.0045
GAL,DAPK3_R,0.7896,0
KIAA1211,DAPK3_A,1.2198,0
LDHA,DAPK3_R,0.9182,0.0466
MAB21L1,DAPK3_A,1.2582,0
MEIS2,DAPK3_A,1.3281,0
PPFIBP2,DAPK3_R,0.7543,0.026
PPM1D,DAPK3_A,1.3307,0
PPP1R16B,DAPK3_R,0.6496,0.0017
PTPRD,DAPK3_A,1.3177,0.0017
RND3,DAPK3_A,1.6636,0
RPS18,DAPK3_R,0.9328,0.026
SC4MOL,DAPK3_A,6.15281E+11,0
SPRY2,DAPK3_A,1.1525,0.0017
SPRY4,DAPK3_R,0.7227,0
GAL,MAP2K6_R,0.7841,0
LDHA,MAP2K6_R,0.8915,0.0103
SC4MOL,MAP2K6_A,9.6448E+11,0
BAALC,SRPK2_A,1.7984,0.0028
C6orf176,SRPK2_R,0.6743,0
CCDC68,SRPK2_R,0.6009,0.0012
CDCA7,SRPK2_R,0,0
CYP1B1,SRPK2_R,0,0
DUSP5,SRPK2_A,1.1794,0.0034
ESRRG,SRPK2_A,2.2804,0.017
FMN1,SRPK2_A,1.393,0.0152
GAL,SRPK2_R,0.8409,0.0056
HDAC5,SRPK2_A,1.2566,0.0152
HIST1H2AC,SRPK2_R,0.8378,0
HIST1H2BG,SRPK2_R,0.7669,0
HIST2H2AA4,SRPK2_R,0.8113,0
LDHA,SRPK2_R,0.7504,0
PCDH20,SRPK2_R,0,0
PPFIBP2,SRPK2_A,1.2783,0.0379
RAMP1,SRPK2_R,0.7688,0.0044
RGS8,SRPK2_R,0,0.0011
RND3,SRPK2_R,0.7349,0.001
RPS18,SRPK2_A,1.1073,0.0245
SPRY2,SRPK2_A,1.1434,0.0245
hCG_1776018,SRPK2_R,0,0.0011